Database_ID,AnonMRN,AGE,HISTOL,IDH,MGMT,Extent of surgical resection,BECOG,EVENT,TIME,Date Sx,DOB,Location,Recurrent?,OCAv3  Variant 1,OCAv3  Variant 2,OCAv3  Variant 3,OCAv3  Variant 4,OCAv3  Variant 5,OCAv3  Variant 6,,Sex_y,Race,Smoking History,BMI (body mass index),Grade,MSI-H,BRAF status,ATRX status,CDKN2A deletion,Surgical location,Did patient recur/progress?,,,,
C23-011,NGS0480,71,GBM,IDHwt,Unmethylated (U),Biopsy,"3: Symptomatic, > 50% in bed",Dead,0.492772668,2023-02-02,1951-05-21,Brainstem,No,II-CDK4 Amplification Copy number: 15.3,II-PIK3CA: p.(Glu542Lys),III-TP53:p.(Gln165del),,,,,Female,Non-Asian,Unknown,25.56473829201102,4,No,Negative,Unknown,Unknown,Frontal,Yes,,,,
C23-169,NGS0535,58,GBM,IDHwt,Methylated (M),Biopsy,"1: Symptomatic, completely ambulatory",LTF,2.0367936925098555,2023-12-19,1965-11-26,Frontal,No,I-Fusion EGFR Exon 1 -  EGFR Exon 8,,III-PIK3CA: p.(Arg4*),,,,,Female,Non-Asian,Unknown,21.62182382702541,4,No,Negative,Retain,Unknown,Thalamus,Yes,,,,
C24-086,NGS0560,54,GBM,IDHwt,Methylated (M),Subtotal,"1: Symptomatic, completely ambulatory",Alive,2.628120894,2024-05-26,1969-09-17,Occipital,No,,,,,,,,Female,Non-Asian,Never smoker,25.12110726643599,3,No,Negative,Retain,Unknown,Frontal,Yes,,,,
C23-014,NGS0481,46,GBM,IDHwt,Unmethylated (U),Subtotal,"1: Symptomatic, completely ambulatory",Dead,3.645148926850635,2023-02-09,1976-05-27,Frontal,No,I-TERTp: c.-124C>T ,II-CDK4 Amplification Copy number: 9.8,II-MDM2 Amplification Copy number: 38.5,,,,,Female,Non-Asian,Unknown,37.82325646134691,3,No,Negative,Retain,Unknown,"Parietal, occipital",No,,,,
C24-059,NGS0556,54,GBM,IDHwt,Methylated (M),Total,"1: Symptomatic, completely ambulatory",Alive,3.94218134,2024-04-23,1969-11-06,Temporal,No,,,,,,,,Male,Non-Asian,Never smoker,15.735526327799125,3,No,Negative,Retain,No,Frontal,No,,,,
C23-018,NGS0484,48,GBM,IDHwt,Unmethylated (U),Biopsy,"1: Symptomatic, completely ambulatory",Dead,4.630694261936049,2023-02-21,1975-01-06,Frontal,No,I-TERTp: c.-124C>T ,,,,,,,Male,Non-Asian,Past smoker,31.45643284051588,3,Unknown,Negative,Retain,Yes,Frontal,Yes,,,,
C23-030,NGS0489,62,GBM,IDHwt,Methylated (M),Biopsy,"1: Symptomatic, completely ambulatory",LTF,5.059132720105125,2023-04-05,1960-10-07,Frontal,No,I-PTEN: p.(Cys136_Ala137del),II- CDKN2A: p.(Pro81Leu),II- TP53: c.782+1G>A p.(?),,,,,Male,Non-Asian,Past smoker,40.06796967745439,4,Unknown,Negative,Retain,Unknown,Frontal,No,,,,
C24-097,NGS0562,75,GBM,IDHwt,Methylated (M),Total,"2: Symptomatic, < 50% in bed",Alive,5.191907577748577,2024-06-10,1948-12-31,Temporal,No,,,,,,,,Female,Non-Asian,Never smoker,21.210937499999996,3,No,Positive,Retain,Yes,Temporal,No,,,,
C24-098,NGS0563,65,A/2,IDHwt,Methylated (M),Subtotal,"2: Symptomatic, < 50% in bed",Alive,5.323313622426632,2024-06-10,1959-06-05,Frontal,Yes,,,,,,,,Female,Non-Asian,Never smoker,20.85927623821451,4,No,Negative,Loss,No,Parietal,Yes,,,,
C23-005,NGS0477,74,GBM,IDHwt,Unmethylated (U),Subtotal,"3: Symptomatic, > 50% in bed",LTF,6.470378887428822,2023-01-17,1948-05-31,Frontal,No,I-CDKN2A Copy number loss: 0.3,I-CDKN2B Copy number loss: 0.3,I-EGFR amplification Copy number gain: 35.3,II-CDK6 Copy number gain: 14.2,II-PIK3CA: p.Gln546Lys,III-EGFR: p.Cys591Tyr,,Male,Non-Asian,Never smoker,30.17295795985355,4,Unknown,Negative,Retain,No,Occipital,Yes,,,,
C22-059,NGS0028,64,O/3,IDHmut,Methylated (M),Subtotal,"2: Symptomatic, < 50% in bed",Dead,6.5374507227332455,2022-09-06,1958-03-01,Frontal,No,No data,,,,,,,Male,Non-Asian,Never smoker,20.30864197530864,4,No,Negative,Retain,No,Frontal,Yes,,,,
C23-068,NGS0499,54,GBM,IDHwt,Methylated (M),Subtotal,"1: Symptomatic, completely ambulatory",Alive,6.965889180902321,2023-06-26,1969-04-13,Frontal,No,I-TERTp: c.-124C>T ,II-Fusion FGFR3 Exon 17 - TACC3 Exon 11,II-NF1: c.1198C>T p.(Gln400*),II-PTEN:c.195C>G p.(Tyr65*),II:PTPN11:c.188A>G p.(Tyr63Cys),,,,,,,,,,,,,,,,,
C24-054,NGS0553,34,A/3,IDHmut,Methylated (M),Subtotal,"1: Symptomatic, completely ambulatory",Alive,7.360107314936487,2024-04-12,1989-12-02,Temporal,No,I-ATRX: p.(Leu413Lysfs*20),I-IDH1: p.(Arg132Ser),II-TP53: p.(Arg273Cys),,,,,Male,Non-Asian,Never smoker,28.08718478995936,4,Yes,Positive,Retain,Unknown,Frontal,No,,,,
C22-068,NGS0287,56,GBM,IDHwt,Unknown,Subtotal,"1: Symptomatic, completely ambulatory",LTF,7.391590013140604,2022-10-04,1966-04-17,Parietal,No,I-TERTp: c.-124C>T ,II-Fusion:  MET Exon 13 -  MET Exon 15,II-MET amp,II-CDK4 amp,II- PDGFRA amp,II-PTEN: p.(Ser10Asn),,Male,Non-Asian,Never smoker,27.28988242125127,3,No,Negative,Retain,Unknown,Frontal,Yes,,,,
C24-026,NGS0546,26,A/3,IDHwt,Unmethylated (U),Biopsy,"1: Symptomatic, completely ambulatory",Alive,8.605727113447218,2024-02-20,1998-01-14,Cerebellar,No,I-H3F3A: p.(Lys28Met),II-TP53: p.(Arg248Gln),II-TP53: p.(Leu257Val),,,,,,,,,,,,,,,,,,,
C24-022,NGS0543,54,GBM,IDHwt,Unmethylated (U),Total,"1: Symptomatic, completely ambulatory",Alive,8.704281647,2024-02-11,1969-04-22,Frontal,No,I-TERTp: c.-124C>T ,I-MLH1: p.(Ala681Thr),,,,,,Female,Non-Asian,Never smoker,28.162493730951734,4,,Negative,Retain,Unknown,Temporal,Yes,,,,
C24-021,NGS0542,28,O/3,IDHmut,Unmethylated (U),Subtotal,"1: Symptomatic, completely ambulatory",Alive,9.329829172,2024-02-08,1995-07-16,Frontal,No,I-TERTp: c.-124C>T ,I-IDH1:p.Arg132His,II-KRAS: p.(Gly12Ala),,,,,Male,Non-Asian,Never smoker,23.12522642192971,3,Unknown,Unknown,Unknown,Unknown,Frontal,Yes,,,,
C24-001,NGS0537,77,GBM,IDHwt,Methylated (M),Total,"1: Symptomatic, completely ambulatory",Alive,10.085413929040737,2024-01-04,1946-11-11,Temporal,No,I-ATRX: p.(Lys1166Glufs*8),I-BRAF: p.(Val600Glu),,,,,,Male,Non-Asian,Past smoker,26.312811226799457,2,Unknown,Unknown,Unknown,Unknown,Frontal,Yes,,,,
C24-035,NGS0548,49,A/3,IDHwt,Methylated (M),Total,"1: Symptomatic, completely ambulatory",Alive,10.51111476127902,2024-05-03,1974-07-23,Temporal,No,I-TERTp: c.-124C>T ,I-Fusion EGFR Exon 1 -  EGFR Exon 8,I-EGFR Amplification Copy number: 54.6,II-CDK4 Amplification Copy number: 27.7,II-MDM2 Amplification Copy number: 57.5,II-EGFR: p.(Ala289Val),,Female,Non-Asian,Never smoker,33.64823666679213,4,Unknown,Negative,Unknown,Unknown,"Frontal, temporal",Yes,,,,
C23-045,NGS0491,41,GBM,IDHwt,Unmethylated (U),Subtotal,"1: Symptomatic, completely ambulatory",Dead,11.005256241787125,2023-05-04,1982-03-03,Temporal,No,I-ATRX: p.(Tyr341*),II-PDGFRA Amplification Copy number: 13.0,II-TP53: p.(Ala161Asp),,,,,Female,Non-Asian,Never smoker,31.934968790825955,,Unknown,Negative,Retain,Yes,Frontal,Yes,,,,
C23-171,NGS0536,43,GBM,IDHmut,Methylated (M),Total,"1: Symptomatic, completely ambulatory",Alive,11.103810775295663,2023-12-20,1980-06-13,Frontal,No,I-IDH1:p.Arg132His,II-TP53:p.(Thr155Ile),III-ATRX: p.(Arg2178Gln),III-KRAS: p.(Glu63del),,,,Male,Non-Asian,Never smoker,29.35440050391215,3,Unknown,Negative,Loss,No,Frontal,No,,,,
C23-147,NGS0532,62,A/2,IDHwt,Unmethylated (U),Subtotal,"1: Symptomatic, completely ambulatory",Alive,12.18791064388962,2023-11-22,1961-06-28,Temporal,No,I-TERTp: c.-124C>T ,II-PDGFRA Amplification Copy number: 9.9,II-PTEN:  p.(Lys237*),,,,,Male,Non-Asian,Never smoker,29.22299114346158,3,Unknown,Negative,Retain,Unknown,"Frontal, parietal",No,,,,
C22-067,NGS0034,38,GBM,IDHwt,Methylated (M),Subtotal,"2: Symptomatic, < 50% in bed",Dead,14.028964082347787,2022-10-04,1983-11-11,Parietal,No,II-CDK6 amp,II-PDGFRA amp,II-TP53:p.(Arg342*),,,,,Female,Non-Asian,Never smoker,36.77030940405425,4,Unknown,Negative,Retain,Unknown,parietal,No,,,,
C22-015,NGS0015,41,GBM,IDHmut,Methylated (M),Subtotal,"1: Symptomatic, completely ambulatory",Dead,14.323258869908017,2022-03-25,1980-10-15,Parietal,No,I-IDH1: p.Arg132His,II- TP53: p.Gln165*,II- PDGFRA amp,III- ATRX: p.Arg2164Gly,,,,Male,Non-Asian,Never smoker,25.069393718042363,4,Unknown,Negative,Retain,No,"Parietal, temporal",Yes,,,,
C23-073,NGS0515,49,GBM,IDHwt,Methylated (M),Total,"1: Symptomatic, completely ambulatory",Alive,14.553219448094612,2023-07-17,1974-06-02,Frontal,No,I-Fusion EGFR Exon 1 -  EGFR Exon 8,I-CDKN2A Copy number loss: 0.3,I-CDKN2B Copy number loss: 0.3,II-TP53:  p.(Arg282Trp),III-MSH6: p.(Leu147Arg),,,Male,Non-Asian,Never smoker,26.038749685473334,4,Unknown,Negative,Retain,No,intraventricular,Yes,,,,
C22-073,NGS0038,44,GBM,IDHwt,Unknown,Biopsy,0: Asymptomatic,Alive,14.981657906263688,2022-10-20,1978-01-02,Occipital,No,I-CDKN2A Deletion Copy number: 0.5,I-TERTp: c.-124C>T ,II-Fusion  GOPC Exon 4 - ROS1 Exon 36,,,,,Male,Asian,Never smoker,22.04788816180845,2,Unknown,Negative,Retain,No,"posterior fossa, 4th ventricle ",No,,,,
C23-129,NGS0529,52,GBM,IDHwt,Methylated (M),Total,"1: Symptomatic, completely ambulatory",Alive,15.24447,2023-10-19,1970-10-21,Occipital,No,II-CDK4 Amplification Copy number: 21.4,II-PDGFRA Amplification Copy number: 26.3,II-TP53: p.(Met237Val),,,,,Male,Non-Asian,Never smoker,26.89892525,4,No,Negative,Retain,No,parietal,Yes,,,,
C23-140,NGS0531,34,GBM,IDHmut,Methylated (M),Subtotal,"1: Symptomatic, completely ambulatory",Alive,15.507282084975907,2023-11-15,1989-09-12,Frontal,Yes,I-CDKN2A Copy number loss: 0.2,I-CDKN2B Copy number loss: 0.3,I-IDH1:p.Arg132His,II-PDGFRA Amplification Copy number: 5.6,II-TP53: p.(Gln317*),II-TP53: p.(Val157Gly),,Male,Non-Asian,Never smoker,23.649556570814298,3,Unknown,Negative,Loss,No,insula,No,,,,
C23-028,NGS0488,60,GBM,IDHwt,Unmethylated (U),Subtotal,"1: Symptomatic, completely ambulatory",Dead,15.637319316688568,2023-03-29,1963-02-09,Parietal,No,I-Fusion EGFR Exon 1 -  EGFR Exon 8,I-EGFR Amplification Copy number: 68.5,I-PTEN: c.209+1G>A p.(?),II-TERT Amplification Copy number: 12.9,II-TP53: p.Arg174_Pro177delinsGly,,,Female,Non-Asian,Never smoker,21.30412827,4,No,Negative,Loss,No,frontal,Yes,,,,
C23-124,NGS0356,43,A/2,IDHmut,Unknown,Subtotal,"1: Symptomatic, completely ambulatory",Alive,15.835797196671049,2023-10-17,1979-11-20,Parietal,No,No data,,,,,,,Male,Non-Asian,Past smoker,25.74683270319051,3,Unknown,Unknown,Retain,Unknown,frontal,No,,,,
C22-019,NGS0275,59,A/2,IDHwt,Unmethylated (U),Subtotal,0: Asymptomatic,Dead,15.965834428383706,2022-04-01,1963-03-25,Frontal,No,III-BRAF: p.(Asn581His),,,,,,,Female,Non-Asian,Never smoker,20.821256054844728,2,Unknown,Unknown,Retain,No,parietal,No,,,,
C23-033,NGS0503,45,GBM,IDHwt,Unmethylated (U),Subtotal,"1: Symptomatic, completely ambulatory",Dead,16.52431011826544,2023-04-14,1977-11-03,Temporal,No,I-CDKN2A Copy number loss: 0.3,I-CDKN2B Copy number loss: 0.4,I-TERTp: c.-124C>T ,II-EGFR: p.(Gly598Val),II-EGFR: p.(Ala289Val),II-MDM4 Amplification Copy number: 37.4,,,,,,,,,,,,,,,,
C22-056,NGS0284,19,GBM,IDHwt,Unmethylated (U),Subtotal,"1: Symptomatic, completely ambulatory",Dead,16.525678931230836,2022-09-01,2003-05-31,Parietal,No,II-RB1: c.2520+3_2520+6delGAGT p.(?),II-TP53: c.559+1G>A p.(?),III-ATRX: p.(Thr387Ala),III-ATRX: p.(Gln2183del),III-NTRK1:,,,Male,Non-Asian,Never smoker,27.461441127184436,3,Unknown,Negative,Retain,No,frontal,No,,,,
C23-117,NGS0351,20,A/2,IDHmut,Unknown,Subtotal,0: Asymptomatic,Alive,17.64126149802891,2023-10-05,2002-10-18,Temporal,No,No data,,,,,,,Female,Asian,Never smoker,26.300973946793547,2,Unknown,Negative,Loss,No,parieto-occipital,No,,,,
C23-125,NGS0357,37,O/3,IDHmut,Unknown,Subtotal,"1: Symptomatic, completely ambulatory",Alive,17.969776609724047,2023-10-18,1986-04-06,Frontal,No,No data,,,,,,,Female,Non-Asian,Unknown,29.98136016008333,3,No,Negative,Retain,Unknown,frontal,No,,,,
C23-057,NGS0495,43,AB,,Unknown,Total,"1: Symptomatic, completely ambulatory",Alive,18.595324134910207,2023-05-24,1979-11-17,Frontal,No,III-ATRX:  p.(Ser1980Pro),III-RB1: p.(Met300Thr),III-TERT: p.(Thr292Met),,,,,,,,,,,,,,,,,,,
C22-020,NGS0018,41,A/3,IDHwt,Unmethylated (U),Subtotal,0: Asymptomatic,Dead,19.613720981165137,2022-04-04,1980-12-12,Thalamic,No,I-H3F3A: p.Lys28Met,II-TP53: p.Arg273His ,II-PDGFRA amp,,,,,,,,,,,,,,,,,,,
C22-076,NGS0040,54,GBM,IDHwt,Methylated (M),Subtotal,0: Asymptomatic,Dead,20.03942181340342,2022-10-26,1968-05-30,Frontal,No,I-TERTp: c.-124C>T ,I-EGFR amp,I- Fusion EGFR Exon 1 -  EGFR Exon 8,I-PTEN: p.Pro213Leufs*8,II-TP53: p.Arg158Gly,II-TP53: c.783-1G>A,,,,,,,,,,,,,,,,
C23-053,NGS0511,37,GBM,IDHwt,Methylated (M),Total,"1: Symptomatic, completely ambulatory",Alive,20.49934297,2023-05-17,1986-01-28,Temporal,No,I-EGFR Amplification Copy number: 257.7,I-TERTp: c.-124C>T ,II-NF1: p.(Glu1458Lysfs*11),,,,,,,,,,,,,,,,,,,
C23-049,NGS0510,41,GBM,IDHwt,Unmethylated (U),Total,"2: Symptomatic, < 50% in bed",Alive,21.35485107314937,2023-05-16,1981-05-21,Parietal,No,I-PTEN: p.(Gly36Arg),I-Fusion EGFR Exon 1 -  EGFR Exon 8,I-TERTp: c.-124C>T ,I-CDKN2A Copy number loss: 0.3,I-CDKN2B Copy number loss: 0.2,,,,,,,,,,,,,,,,,
C22-061,NGS0030,62,O/2,IDHmut,Unknown,Subtotal,"1: Symptomatic, completely ambulatory",Dead,22.536136662286467,2022-09-08,1959-10-01,Frontal,No,I-IDH1: p.Arg132His,II-PIK3CA:p.(Glu110del),,,,,,,,,,,,,,,,,,,,
C23-027,NGS0303,51,O/3,IDHmut,Methylated (M),Subtotal,"1: Symptomatic, completely ambulatory",,22.668911519929917,2023-03-27,1972-01-25,Frontal,No,No data,,,,,,,,,,,,,,,,,,,,,
C23-038,NGS0505,58,GBM,IDHwt,Unmethylated (U),Subtotal,"1: Symptomatic, completely ambulatory",Alive,23.09461235,2023-04-24,1964-12-22,Temporal,No,II-FGFR1: p.(Lys687Glu),,,,,,,,,,,,,,,,,,,,,
C22-065,NGS0285,65,EPE/2,IDHwt,Unmethylated (U),Subtotal,"3: Symptomatic, > 50% in bed",Alive,23.193166885676742,2022-09-20,1957-02-09,4V,No,III-MYCN: p.(Ser289Cys),,,,,,,,,,,,,,,,,,,,,
C23-040,NGS0507,47,GBM,IDHwt,Methylated (M),Subtotal,"2: Symptomatic, < 50% in bed",Alive,23.455978975032853,2023-04-26,1975-05-27,Frontal,No,I-PTEN: c.209+1G>C p.(?),I-TERTp: c.-124C>T ,II-CDK4 Amplification Copy number: 61.5,II-MDM2 Amplification Copy number: 102.6,III-MET: p.(Arg988Cys),,,,,,,,,,,,,,,,,
C23-041,NGS0508,47,GBM,IDHwt,Methylated (M),Subtotal,"1: Symptomatic, completely ambulatory",Dead,23.55590232150679,2023-04-27,1976-04-01,Temporal,Yes,I-TERTp: c.-124C>T ,I-Fusion EGFR Exon 1 -  EGFR Exon 8,I-CDKN2A Copy number loss: 0.2,I-CDKN2B Copy number loss: 0.2,I-EGFR Amplification Copy number: 92.0,II-CDK6 Amplification Copy number: 5.0,,,,,,,,,,,,,,,,
C23-017,NGS0483,32,GBM,IDHmut,Methylated (M),Subtotal,"1: Symptomatic, completely ambulatory",Alive,25.85277047744196,2023-02-17,1991-01-17,Parietal,No,I-IDH1:p.Arg132His,II-TP53: p.Glu56Lysfs*67,II-TP53: p.Val217Gly,,,,,Male,Non-Asian,Never smoker,22.693953876808145,4,No,Negative,Retain,Yes,frontal,No,,,,
C23-019,NGS0485,69,A/2,IDHwt,Unmethylated (U),Biopsy,"1: Symptomatic, completely ambulatory",Alive,26.148434077967583,2023-02-24,1953-06-11,Thalamic,No,I-TERTp: c.-124C>T ,I-PTEN: p.Arg130Thrfs*50,,,,,,Male,Non-Asian,Past smoker,26.171344499773657,4,Unknown,Negative,Retain,No,brainstem,,,,,
C22-012,NGS0273,56,GBM,IDHwt,Unmethylated (U),Subtotal,"1: Symptomatic, completely ambulatory",Dead,27.101127901883487,2022-03-14,1965-12-29,Frontal,No,I- Fusion EGFR Exon 1 -  EGFR Exon 8,I-CDKN2A Deletion Copy number: 0.3,I-EGFR amp,I-TERTp: c.-124C>T ,II-PTEN: p.(Tyr68Cys),III-EGFR: p.(Leu907Phe),,Male,Non-Asian,Never smoker,29.92637384171776,4,No,Negative,Retain,No,frontal,,,,,
C22-089,NGS0292,65,O/2,IDHmut,Unknown,Biopsy,"1: Symptomatic, completely ambulatory",Alive,27.232533946561546,2022-12-19,1957-04-19,Parietal,No,No data,,,,,,,Male,Asian,Never smoker,24.26987560843699,4,No,Negative,Loss,Yes,temporal,No,,,,
C23-042,NGS0509,44,GBM,IDHwt,Unmethylated (U),Total,"1: Symptomatic, completely ambulatory",Dead,27.299605781865967,2023-05-01,1979-02-02,Frontal,No,I-Fusion EGFR Exon 1 -  EGFR Exon 8,II-PTEN: p.(Tyr65Ter),II-FGFR3: p.(Gly380Arg) ,,,,,Female,Asian,Never smoker,26.23355580417422,4,Unknown,Negative,Retain,No,frontal,No,,,,
C22-084,NGS0046,54,GBM,IDHwt,Unmethylated (U),Subtotal,0: Asymptomatic,Alive,27.43101183,2022-11-28,1968-08-18,Frontal,No,II-MSH6: p.Ser602*,II-EGFR: p.Gly719Val,II-FGFR1: p.Asn577Lys,II-PIK3CA: p.His1047Arg,II-TP53: p.Gly105Val,II-TP53: p.Pro142His,,Female,Non-Asian,Current smoker,30.259878960484155,4,Unknown,Negative,Retain,No,thalamus,Yes,,,,
C22-063,NGS0032,19,A/3,IDHwt,Unmethylated (U),Subtotal,0: Asymptomatic,Alive,28.089410862899697,2022-09-14,2003-07-01,Temporal,No,I-TERTp: c.-124C>T ,II-BRAF: p.Val600Glu,,,,,,Male,Non-Asian,Never smoker,26.85898245171064,3,Yes,Negative,Retain,Unknown,frontal,Yes,,,,
C22-080,NGS0291,39,O/3,IDHmut,Methylated (M),Subtotal,0: Asymptomatic,Alive,28.34948532632501,2022-11-14,1983-09-13,Frontal,No,No data,,,,,,,Female,Non-Asian,Past smoker,31.411018628616723,4,No,Negative,Retain,No,parietal,Yes,,,,
C22-030,NGS0277,43,GBM,IDHmut,Unknown,Subtotal,0: Asymptomatic,Alive,28.61366622864652,2022-05-16,1979-05-09,Frontal,No,No data,,,,,,,Female,Asian,Never smoker,23.23163342384462,4,No,Negative,Unknown,Yes,frontal,,,,,
C22-075,NGS0289,53,A/3,IDHmut,Methylated (M),Subtotal,"1: Symptomatic, completely ambulatory",Alive,29.63206307490145,2022-10-26,1969-05-14,Frontal,No,No data,,,,,,,Male,Asian,Never smoker,27.605909857236583,4,No,Negative,Loss,No,temporal,Yes,,,,
C22-062,NGS0031,49,A/3,IDHwt,Unmethylated (U),Biopsy,"1: Symptomatic, completely ambulatory",Alive,29.69913491020587,2022-09-13,1973-03-23,Frontal (multifocal),No,I-EGFR amp,II-EGFR: p.(Gly598Val),,,,,,Female,Non-Asian,Never smoker,24.813639230363627,,Unknown,Negative,Retain,Unknown,frontal,No,,,,
C22-043,NGS0283,47,GBM,IDHwt,Unknown,Subtotal,0: Asymptomatic,Dead,30.684680245291283,2022-06-27,1975-01-05,Parietal,No,I-TERTp: c.-124C>T ,II-TP53: c.993+1G>A p.(?),III-PIK3CA amp,,,,,Male,Non-Asian,Never smoker,28.068918152229088,4,Unknown,Negative,Retain,Unknown,frontal,Yes,,,,
C22-053,NGS0023,48,A/3,IDHwt,Unknown,Subtotal,"1: Symptomatic, completely ambulatory",Alive,30.783234778799823,2022-08-14,1974-02-05,Occipital,No,II-NF1: p.Glu1192*,II-NF1: p.Arg2450*,II-PIK3CA:p.Thr1025Ala,II-POLE: p.Pro286Arg,II-TP53: p.Phe113Leu,"III- (x 22) ALK, ATRX, EGFR, FGFR2, MDM4, MET, NF1, PDGFRA, POLE, RB1",,Male,Non-Asian,Never smoker,34.812642197308186,4,Yes,Negative,Loss,No,Frontal,Yes,,,,
C22-022,NGS0064,57,A/3,IDHwt,Unmethylated (U),Subtotal,0: Asymptomatic,Dead,32.13014673674989,2022-04-06,1964-07-01,Temporal,No,I-TERTp: c.-124C>T ,I- Fusion EGFR Exon 1 -  EGFR Exon 8,I-EGFR amp,II-CDK4 amp,,,,Female,Asian,Never smoker,24.088223117166624,4,Yes,Negative,Loss,Yes,Frontal,Yes,,,,
C22-039,NGS0280,30,O/3,IDHmut,Methylated (M),Subtotal,"1: Symptomatic, completely ambulatory",Alive,33.345652650021904,2022-05-30,1992-05-25,Frontal,No,No data,,,,,,,Male,Non-Asian,Never smoker,23.27397306503097,4,No,Negative,Retain,Yes,Temporal,Yes,,,,
C22-042,NGS0282,33,A/3,IDHwt,Unmethylated (U),Subtotal,0: Asymptomatic,Alive,33.86990801576872,2022-06-19,1988-11-09,Parietal,No,II-NF1:p.(Lys1749Argfs*7),II-NF1: p.(Arg1970Leufs*8),II-PIK3CA: p.(Arg108His),II-TP53:p.(Arg175His),II-TP53: p.(Arg273His),,,Female,Asian,Never smoker,19.22856686380661,4,No,Negative,Retain,Yes,Temporal,No,,,,
C23-079,NGS0517,42,GBM,IDHwt,Unmethylated (U),Subtotal,"1: Symptomatic, completely ambulatory",Dead,70.86070959264126,2023-07-26,1981-02-09,Frontal,Yes,I-ATRX: c.371-1G>A p.(?),I-PTEN:  c.253+1G>A p.(?),II-MSH6: p.(Thr1219Ile),II-PDGFRA: p.(Pro577Ser),II-TP53: c.375G>A p.(?),III-MDM2: p.(Glu346Lys),,Male,Non-Asian,Past smoker,26.64334036867321,4,No,Negative,Retain,No,Temporal,Yes,,,,
C22-077,NGS0290,32,GBM,IDHmut,Unmethylated (U),Subtotal,"1: Symptomatic, completely ambulatory",Dead,72.60320849759088,2022-10-28,1990-08-30,Frontal,Yes,II-Fusion PTPRZ1 Exon 1 - MET Exon 2,,II-PIK3CA:p.(Glu545Lys),II-RB1:c.138-1G>A p.(?),II-TP53:p.(Thr18Ile),II-TP53:p.(Glu258Gly),,Female,Non-Asian,Never smoker,19.91042192028304,4,No,Negative,Retain,Yes,Temporal,Yes,,,,
C21-067,NGS0271,27,GBM,,Unknown,Subtotal,0: Asymptomatic,Dead,105.05913272010513,2021-12-08,1993-12-20,Frontal,Yes,,,,,,,,Male,Non-Asian,Never smoker,43.16419243023704,4,No,Negative,Retain,No,Frontal,Yes,,,,
C23-114,NGS0524,50,O/3,IDHmut,Methylated (M),Subtotal,"1: Symptomatic, completely ambulatory",Alive,138.83185501533072,2023-09-29,1973-08-29,Frontal,Yes,I-IDH2: p.(Arg172Lys),,,,,,,Male,Non-Asian,Never smoker,25.383476185726018,4,No,Negative,Retain,Yes,Parietal,Yes,,,,
C22-051,NGS0021,42,O/3,IDHmut,Methylated (M),Subtotal,0: Asymptomatic,Dead,210.4782632501095,2022-07-27,1979-11-13,Frontal,Yes,I-IDH1: p.Arg132Cys,I-TERTp: c.-124C>T ,,,,,,Female,Non-Asian,Past smoker,20.52559129360922,4,No,Negative,Retain,No,Temporal,No,,,,
C23-022,NGS0486,61,O/3,IDHmut,Methylated (M),Subtotal,0: Asymptomatic,Dead,211.17088261060007,2023-03-03,1961-10-29,Frontal,Yes,I-TERTp: c.-124C>T ,I-IDH1:p.Arg132His,II-CDKN2A: p.His83Tyr,II-TP53: p.Gly266Arg,III-FRGFR1: p.Gly368Glu,III- MSH6: p.Asp439Asn,,Male,Non-Asian,Never smoker,32.97888161808448,4,Yes,Negative,Retain,Yes,Frontal,No,,,,
C22-087,NGS0049,51,O/3,IDHmut,Methylated (M),Subtotal,Unknown,Dead,215.83442838370564,2022-12-05,1971-12-03,Frontal,Yes,No data,,,,,,,Male,Non-Asian,Past smoker,25.707702125180894,2,Yes,Negative,Loss,No,Frontal,Yes,,,,
C23-083,NGS0500,44,GBM,IDHmut,Methylated (M),Subtotal,"1: Symptomatic, completely ambulatory",Alive,255.0262812089356,2023-07-28,1978-09-16,Frontal,Yes,I-IDH1:p.Arg132His,II-MSH2: c.1511-1G>A p.(?),II-TP53: c.818G>A p.(Arg273His),III-MDM2: c.500G>A p.(Arg167Lys),III-NF1: c.757G>A p.(Val253Met),III-RB1: c.1934C>T p.(Thr645Ile),,Male,Non-Asian,Never smoker,35.49495441387333,,,,,,,,,,,
C23-004,NGS0501,53,GBM,IDHmut,Methylated (M),Subtotal,"1: Symptomatic, completely ambulatory",Dead,261.03810775295665,2023-01-17,1969-12-07,Frontal,Yes,I-IDH1:p.Arg132His,I-MLH1: p.(Ser184*),I-CDKN2A Copy number loss: 0.3,II-TP53: p.(Arg273Cys),III-PMS2:  p.(Ile590Thr),III-TERT: p.(Gly300Asp),,Male,Non-Asian,Past smoker,27.314814814814813,3,No,Negative,Retain,No,Frontal,Yes,,,,
C22-081,NGS0043,56,GBM,,,,,,,2022-11-21,1966-04-20,Frontal,No,I- Fusion EGFR Exon 1 -  EGFR Exon 8,I-EGFR amp,I-PTEN:p.(Leu152Gln),I-TERTp: c.-124C>T ,II-EGFR:p.(Gly719Ala),II-TP53: p.Pro142His,,Female,Non-Asian,Current smoker,34.38271971455438,4,No,Negative,Unknown,No,Occipital,No,,,,
C22-093,NGS0053,52,GBM,,,,,,,2022-12-30,1970-04-30,"Frontal, Thal",No,I-TERTp: c.-124C>T ,I-CDKN2A Deletion Copy number: 0.2,II-TP53:p.(Thr2409Lysfs*9),,,,,Male,Non-Asian,Past smoker,27.86027892561983,4,No,Negative,Loss,Yes,Frontal,Yes,,,,
C22-032,NGS0073,36,GBM,IDHmut,Unknown,Total,,Dead,,2022-05-17,1985-06-17,Frontal,Yes,I-ATRX: c.5698-1G>C p.(?),I-IDH1: p.(Arg132Cys),II-TP53: p.(Arg273Cys),,,,,Male,Non-Asian,Never smoker,25.872479169182466,4,No,Negative,Retain,No,Temporal,Yes,,,,
C23-024,NGS0300,56,GBM,,,,,,,2023-03-07,1966-11-23,Temporal,No,,,,,,,,Male,Non-Asian,Past smoker,34.643138059573886,4,No,Negative,Retain,No,Frontal,No,,,,
C23-137,NGS0364,30,GBM,,,,,,,2023-11-10,1993-07-26,Parietal,No,,,,,,,,Male,Non-Asian,Current smoker,37.43214240626183,4,No,Negative,Retain,No,Frontal,No,,,,
C23-160,NGS0383,41,GBM,,,,,,,2023-12-12,1982-08-08,Parietal,Yes,No data,,,,,,,Male,Non-Asian,Never smoker,22.23098712754133,3,No,Positive,Loss,Yes,Temporal,No,,,,
C23-170,NGS0392,46,A/2,,,,,,,2023-12-19,1977-03-07,Thalamic,No,No data,,,,,,,Female,Non-Asian,Past smoker,30.234315948601665,3,No,Negative,Retain,Yes,Frontal,No,,,,
C24-006,NGS0400,30,GBM,,,,,,,2024-01-16,1993-03-17,Frontal,No,,,,,,,,Male,Non-Asian,Never smoker,25.691200605984093,4,Yes,Negative,Retain,No,Frontal,No,,,,
C24-018,NGS0409,47,O/3,,,,,,,2024-02-05,1976-05-05,Frontal,Yes,,,,,,,,Male,Non-Asian,Past smoker,27.408316115702483,4,No,Negative,Retain,No,Cerebellar,Yes,,,,
C24-034,NGS0419,29,GBM,,,,,,,2024-05-03,1994-12-09,Frontal,No,,,,,,,,Female,Non-Asian,Never smoker,28.39302112029385,4,No,Negative,Retain,No,Temporal,No,,,,
C24-040,NGS0423,33,A/3,,,,,,,2024-03-15,1990-08-18,Occipital,No,,,,,,,,Female,Non-Asian,Never smoker,23.242187499999996,4,No,Negative,Loss,Yes,Temporal,No,,,,
C24-044,NGS0427,30,A/2,,,,,,,2024-03-27,1994-03-09,Temporal,No,,,,,,,,Male,Non-Asian,Never smoker,19.46998378,4,Yes,Negative,Retain,No,Frontal,,,,,
C24-050,NGS0430,31,A/2,,,,,,,2024-04-08,1992-05-20,Occipital,No,,,,,,,,Female,Non-Asian,Never smoker,22.71498107,4,Unknown,Negative,Retain,Yes,Temporal,No,,,,
C24-053,NGS0433,57,O/3,,,,,,,2024-04-10,1966-09-30,Frontal,Yes,,,,,,,,Male,Non-Asian,Past smoker,21.92127492,4,Unknown,Negative,Retain,No,Occipital,No,,,,
C24-079,NGS0452,61,O/3,,,,,,,2024-05-17,1963-05-10,Frontal,No,,,,,,,,Female,Non-Asian,Past smoker,29.34802571166208,4,No,Positive,Retain,No,Temporal,No,,,,
C23-088,NGS0520,61,A/2,,,,,,,2023-08-17,1962-01-30,Temporal,No,I-TERTp: c.-124C>T ,II-MET: p.(Asp1246His),II-PIK3CA: p.(His1047Leu),III-HIFN1A: p.(Arg114His),,,,Male,Non-Asian,Current smoker,32.86380438579897,4,No,Negative,Retain,No,Frontal,Yes,,,,
C24-057,NGS0555,33,GBM,IDHwt,Unknown,Biopsy,"1: Symptomatic, completely ambulatory",,,2024-04-15,1991-04-07,Frontal,No,I-PTEN: p.(Thr319*),II-MSH2: p.(Leu270Pro),NF1: p.(Arg1968*),II-TP53: p.(Arg248Trp),II-TP53: p.(Arg273His),III-ATRX: p.(Arg2079Gln),,,,,,,,,,,,,,,,
,,,,,,,,,,,,,,,,,,,,,14,14,14,14,17,16,15,15,15,15,19,,,,
,,,,,,,,,,,,,,,,,,,,,,,,,,,,,,,,,,,
0,0,0,0,0,0,0,0,0,0,0,0,0,0,4,9,10,22,24,27,,Male,Non-Asian,Past smoker,40.16171606134518,2,Unknown,Negative,Loss,No,temporal,No,,,,