S#,Database_ID,Chart complete,MRN,Sex,Age_onset,Age_dx/sx,<40,LEAT,Diffuse,Date Sx,DOB,Location,Histology,Recurrent?,Notes,MGMT,H3 K27M,IDH IHC,BRAF IHC,ATRX IHC,TP53 IHC,MMR IHC,1p/19q FISH,CDKN2A FISH,EGFR FISH,PTEN FISH,OCAv3  Variant 1,OCAv3  Variant 2,OCAv3  Variant 3,OCAv3  Variant 4,OCAv3  Variant 5,OCAv3  Variant 6,OCAv3  Variant 7,OCAv3  Variant 8,OCAv3  Variant 9,OCAv3  Variant 10,OCAv3  Variant 11,OCAv3  Variant 12,,
S19-53627,C19-029,,2416860,,39,41,0,0,0,15-Aug-19,13-Oct-77,Suprasellar,EVN,Yes,,,,,,,,,,,,,,,,,,,,,,,,,,
S21-36523,C21-049,,4831977,,,36,1,0,1,16-Sep-21,28-Jul-85,Parietal,GBM,No,,Negative,,,,,,,No data,No data,No data,No data,II-TP53: p.(Met169SerfsTer3),III-HNF1A amp,,,,,,,,,,,,
S22-307,C22-001,,4784434,,50,51,0,0,1,05-Jan-22,13-Sep-70,Frontal,GBM,Yes,,Negative,,,,,,,No data,No data,No data,No data,"NEGATIVE FOR IDH1 by Sanger, No NGS data",,,,,,,,,,,,,
S22-671,C22-002,,2478754,,42,48,0,0,1,07-Jan-22,26-Feb-73,Frontal,GBM,Yes,Oncomine start,Positive (2016),,Wild Type,wild-type,wild-type,wild-type,PMS2 mut,No data,No data,No data,No data,NEGATIVE,,,,,,,,,,,,,
S22-1164,C22-003,,4259368,,43,50,0,0,1,12-Jan-22,10-Sep-71,Parietal,GBM,Yes,,Negative (2015),,wild-type,wild-type,wild-type,wild-type,wild-type,No data,No data,No data,No data,NEGATIVE,,,,,,,,,,,,,
S22-1584,C22-004,,4940706,,,33,1,0,1,17-Jan-22,16-Nov-88,Frontal,A/2,No,,Positive,,wild-type,wild-type,mutated,mutated,,No data,No data,No data,No data,I-IDH1: p.Arg132Leu,II-ATRX: p.Lys1479Asnfs*6,III-TP53: p.Arg158His,III-TP53: p.Cys277Tyr,,,,,,,,,,
S22-1942,C22-005,,4942002,,,52,0,0,1,19-Jan-22,15-Dec-69,Frontal,O/2,No,,Positive,,mutated,wild-type,wild-type,wild-type,,"CO-DELETION (~34%): nuc ish(TP73x1,ABL2x2)[68/200]/(TP73,ABL2)x1[63/200]/(TP73x1,ABL2x3)[10/200]/ (TP73x0,ABL2x2)[26/200],(ZNF443x2,GLTSCR1x1)[78/200]",No data,No data,No data,I-TERTp: c.-124C>T ,I-IDH1: p.Arg132His,III-CTNNB1: p.Gly34Glu,III-PIK3CA: p.Leu540Pro,,,,,,,,,,
S22-2052,C22-006,,4913085,,,20,1,0,1,20-Jan-22,04-Sep-01,Frontal,A/2,No,,Positive,,,,,,,,Negative for CDKN2A homozygous deletion (Oncoscan SNP microarray),,,No data,,,,,,,,,,,,,
S22-4473,C22-008,,6266780,,,54,0,0,1,08-Feb-22,24-Jan-68,Brainstem,A/3,No,,No data,mutated,wild-type,wild-type,wild-type,mutated,wild-type,No data,No data,No data,No data,I-Fusion: EGFR Exons 1-8,I-H3F3A: p.Lys28Met,III-TP53: p.Ser241Thr,III-TP53: p.Val73Ala,III-NTRK: p.Glu314Lys,,,,,,,,,
S22-4684,C22-009,,4512311,,,62,0,0,0,09-Feb-22,16-Jul-59,Cerebellar,LGG/O,No,,No data,,wild-type,wild-type,wild-type,wild-type,,No data,No data,No data,No data,II-PIK3CA: p.Glu545Lys,II-FGFR1: p.Asn577Lys,III- NF1: p.Leu549Pro,,,,,,,,,,,
S22-4984,C22-010,,4947182,,,67,0,0,1,10-Feb-22,24-Feb-54,Temporal,GBM,No,,Negative,,wild-type,equivocal,wild-type,wild-type,,No data,No data,No data,No data,I-TERTp: c.-124C>T ,I-EGFR amp,I-PTEN: p.Tyr88*,II-BRAF: p.Val600Glu,II-EGFR: p.Gly598Val,,,,,,,,,
S22-9215,C22-011,,4953396,,,47,0,0,1,10-Mar-22,08-Oct-74,Parietal,GBM,No,,Positive,,wild-type,wild-type,wild-type,wild-type,,No data,No data,No data,No data,I-TERTp: c.-124C>T ,I-EGFR amp,II-CDK4 amp,II-MDM4 amp,,,,,,,,,,
S22-10269,C22-013,,4951674,,,45,0,0,1,17-Mar-22,01-Jan-77,Temporal,A/2,No,,Positive,,wild-type,,mutated,mutated,,No data,No data,No data,No data,I- IDH2: p.Arg172Met,I- ATRX: p.Gln2168*,II-TP53: p.Tyr220Cys,,,,,,,,,,,
S22-10383,C22-014,,2259382,,,66,0,0,1,17-Mar-22,02-Jun-55,Parietal,A/2,No,,Negative,,wild-type,wild-type,equivocal,mutated,,No data,No data,No data,No data,I-TERTp: c.-124C>T ,II-EGFR: p.Ala289Val,III-PTEN: p.Asn48Thr,,,,,,,,,,,
S22-11652,C22-015,,2496272,,,41,0,0,1,25-Mar-22,15-Oct-80,Parietal,GBM,No,,Positive,,mutated,wild-type,equivocal,mutated,wild-type,No data,No data,No data,No data,I-IDH1: p.Arg132His,II- TP53: p.Gln165*,II- PDGFRA amp,III- ATRX: p.Arg2164Gly,,,,,,,,,,
S22-11863,C22-016,,4589297,,30 (cl),40,0,1,1,28-Mar-22,18-Oct-81,Temporal,LGG/A,No,,No data,,wild-type,mutated,wild-type,equivocal,,No data,NEGATIVE,No data,No data,II-BRAF: p.Val600Glu,,,,,,,,,,,,,
S22-12583,C22-017,,4959276,,,60,0,0,1,31-Mar-22,11-Mar-62,Frontal,GBM,No,,Positive,,mutated,,mutated,mutated,,No data,No data,No data,No data,I:ATRX: p.Arg444*,I-IDH1: p.Arg132His,III-TP53: p.Asn239Asp,,,,,,,,,,,
S22-12942,C22-020,,4211145,,,41,0,0,1,04-Apr-22,12-Dec-80,Thalamic,A/3,No,,Negative,mutated,wild-type,wild-type,wild-type,mutated,wild-type,No data,No data,No data,No data,I-H3F3A: p.Lys28Met,II-TP53: p.Arg273His ,II-PDGFRA amp,,,,,,,,,,,
S22-28458,C22-049,,4520469,,,26,1,0,1,20-Jul-22,11-Jun-96,Parietal,O/2,No,,No data,,mutated,wild-type,wild-type,wild-type,,"CO-DELETION (~20%): nuc ish(TP73x1,ABL2x2)[49/200],(ZNF443x2,GLTSCR1x1)[39/200]","DELETION HET: nuc ish(CDKN2A,D9Z1)x1[73/200]",No data,No data,I-IDH1: p.Arg132His,II-TP53: p.His193Arg,,,,,,,,,,,,
S22-28915,C22-050,,4598823,,,77,0,0,1,22-Jul-22,30-Jun-45,Frontal,GBM,No,,Positive,,wild-type,wild-type,mutated,mutated,wild-type,No data,No data,No data,No data,I-ATRX: p.Thr918Metfs*52,II- TP53: p.Tyr236Cys,III- CDKN2A: p.His83Arg,,,,,,,,,,,
S22-29529,C22-051,,3404427,,28,42,0,0,1,27-Jul-22,13-Nov-79,Frontal,O/3,Yes,,Positive,,wild-type,wild-type,wild-type,wild-type,wild-type,No data,No data,No data,No data,I-IDH1: p.Arg132Cys,I-TERTp: c.-124C>T ,,,,,,,,,,,,
S22-30162,C22-052,,4511696,,39,46,0,0,1,02-Aug-22,22-Dec-75,Frontal,A/3,Yes,,Positive,,mutated,wild-type,mutated,mutated,,"ABNORMAL NO CO-DELETION (30-50%): nuc ish(TP73x2~3,ABL2x1~3)[61/200]/(TP73x4~8,ABL2x1~5)[35/200],(ZNF443x3~4,GLTSCR1x1~2)[56/200]","GAIN, nuc ish (CKDN2Ax3,D9Z1x2)[12/200]",No data,No data,I-IDH1: p.Arg132His,II-TP53: p.His178_Ser183del,,,,,,,,,,,,
S22-31777,C22-053,,3835683,,,48,0,0,1,14-Aug-22,05-Feb-74,Occipital,A/3,No,,No data,,wild-type,wild-type,wild-type,wild-type,MSH6 mut,No data,No data,Normal Result,+10,II-NF1: p.Glu1192*,II-NF1: p.Arg2450*,II-PIK3CA:p.Thr1025Ala,II-POLE: p.Pro286Arg,II-TP53: p.Phe113Leu,"III- (x 22) ALK, ATRX, EGFR, FGFR2, MDM4, MET, NF1, PDGFRA, POLE, RB1",,,,,,,,
S22-33204,C22-054,,4732870,,,41,0,0,1,23-Aug-22,03-Nov-80,Occipital,A/2,No,,Positive,,wild-type,wild-type,mutated,mutated,,No data,"TRISOMY 9:  nuc ish(CDKN2A,D9Z1)x3[41/200]",No data,No data,I-IDH1: p.Arg132His,II-TP53: c.673-2_673-1delAG,,,,,,,,,,,,
S22-33867,C22-055,,4309777,,,24,1,0,0,29-Aug-22,31-Aug-97,Suprasellar,PA,Yes,,No data,,wild-type,wild-type,wild-type,wild-type,,No data,"DELETION HET: nuc ish(CDKN2A,D9Z1)x1[89/200]",No data,No data,I-Fusion KIAA1549 Exon 15 -BRAF Exon 9,III-MYC: p.(Asp173Asn),,,,,,,,,,,,
S22-34719,C22-057,,4803152,,,68,0,0,1,02-Sep-22,16-Jan-54,Frontal,O/2,No,,No data,,mutated,,wild-type,wild-type,,"ABNORMAL WITH CO-DELETION: nuc ish(TP73x1,ABL2x3)[29/200]/(TP73x2,ABL2x3)[57/200]/(TP73x2,ABL2x4)[40/200],(ZNF443x3,GLTSCR1x1)[23/200]/(ZNF443x3,GLTSCR1x2)[51/200]/(ZNF443x4,GLTSCR1x2)[32/200]",No data,No data,No data,I-TERTp: c.-124C>T ,I-IDH1: p.Arg132His,,,,,,,,,,,,
S22-34763,C22-058,,4961441,,,19,1,0,0,02-Sep-22,05-Nov-02,Frontal,PA,No,,No data,,wild-type,wild-type,wild-type,wild-type,,No data,No data,No data,No data,I-BRAF: p.Leu485Phe,,,,,,,,,,,,,
S22-34833,C22-059,,7038895,,,64,0,0,1,06-Sep-22,01-Mar-58,Frontal,O/3,No,,Positive,,mutated,wild-type,wild-type,wild-type,,"ABNORMAL WITH CO-DELETION  (~20%) : nuc ish(TP73x1,ABL2x2)[53/200]/(TP73x1,ABL2x3)[15/200]/(TP73x2,ABL2x3)[34/200],(ZNF443x2,GLTSCR1x1)[40/200]/ (ZNF443x3,GLTSCR1x1)[14/200]/(ZNF443x3,GLTSCR1x2)[53/200]","DELETION HET: nuc ish(CDKN2Ax1,D9Z1x2)[40/200] ",,,No data,,,,,,,,,,,,,
S22-34941,C22-060,,4882768,,17 (cl),20,1,1,1,06-Sep-22,02-Mar-02,Temporal,DNET,No,,No data,,wild-type,wild-type,,,,No data,No data,No data,No data,I- Fusion FGFR1 (Exon 17) - TACC1 (Exon 7),,,,,,,,,,,,,
S22-35419,C22-061,,4129672,,,62,0,0,1,08-Sep-22,01-Oct-59,Frontal,O/2,No,,Inconclusive,,,,,,,"CO-DELETION (~24-34%): nuc ish(TP73x1,ABL2x2)[48/200],(ZNF443x2,GLTSCR1x1)[68/200]","DELETION HOMO: nuc ish(CDKN2Ax0,D9Z1x1)[42/200]/(CDKN2Ax0,D9Z1x2)[45/200]",Normal Result,Normal Result,I-IDH1: p.Arg132His,II-PIK3CA:p.(Glu110del),,,,,,,,,,,,
S22-36067,C22-062,,4440687,,,49,0,0,1,13-Sep-22,23-Mar-73,Frontal (multifocal),A/3,No,,No data,,,,,,,No data,No data,amplification,-10,I-EGFR amp,II-EGFR: p.(Gly598Val),,,,,,,,,,,,
S22-36314,C22-063,,4959246,,18 (cl),19,1,1,1,14-Sep-22,01-Jul-03,Temporal,A/3,No,,Negative,,,,,,,No data,"DELETION HOMO: nuc ish(CDKN2Ax0,D9Z1x2)[86/200]/(CDKN2Ax0,D9Z1x1)[64/200]/(CDKN2Ax0,D9Z1x3)[8/200]",No data,No data,I-TERTp: c.-124C>T ,II-BRAF: p.Val600Glu,,,,,,,,,,,,
S22-36979,C22-064,,7044771,,,53,0,0,1,18-Sep-22,06-Oct-68,Frontal,GBM,Yes,,Positive,,,,,,,No data,No data,No data,No data,I-TERTp: c.-124C>T ,II-NF1:p.(Trp336*),II-NF1:p.(Trp426*),II-NF1:p.(Trp1559*),II-PIK3CA:p.(Glu542Val),III-HRAS: p.(Cys51Tyr),III-NF1:p.(Ala2441Thr),,,,,,,
S22-39560,C22-067,,7046243,,,38,1,0,1,04-Oct-22,11-Nov-83,Parietal,GBM,No,,Positive,,,,,,,No data,No data,No data,No data,II-CDK6 amp,II-PDGFRA amp,II-TP53:p.(Arg342*),,,,,,,,,,,
S22-39825,C22-069,,4511986,,,55,0,0,1,05-Oct-22,02-Oct-67,Occipital,GBM,No,,Positive,No data,No data,No data,No data,,,No data,No data,No data,No data,I-TERTp: c.-124C>T ,II-NF1:c.888+1G>A p.(?),II-PIK3CA:p.(Gln546Pro),,,,,,,,,,,
S22-41886,C22-071,,7059267,,,26,1,0,1,19-Oct-22,11-Dec-95,SC,GBM,No,,No data,No data,No data,,,,,No data,No data,No data,No data,I-H3F3A:p.(Lys28Met),II-TP53:p.(Arg248Trp),II- PDGFRA amp,,,,,,,,,,,
S22-41911,C22-072,,4963262,,55,56,0,0,1,19-Oct-22,23-Apr-66,Parietal,GBM,Yes,,No data,No data,No data,No data,No data,,,No data,No data,No data,No data,I-TERTp: c.-124C>T ,II-NF1:p.(Tyr2285Thrfs*5),,,,,,,,,,,,
S22-41984,C22-073,,7058248,,,44,0,0,1,20-Oct-22,02-Jan-78,Occipital,GBM,No,,Inconclusive,,,,,,,No data,No data,No data,No data,I-CDKN2A Deletion Copy number: 0.5,I-TERTp: c.-124C>T ,II-Fusion  GOPC Exon 4 - ROS1 Exon 36,,,,,,,,,,,
S22-41992,C22-074,,7027563,,,55,0,0,1,20-Oct-22,06-Apr-67,Thalamic,A/3,No,,Inconclusive,,,,,,,No data,NEGATIVE,"gain, no amplification",Normal Result,I-TERTp: c.-124C>T ,II-NF1:p.(Tyr489Cys),,,,,,,,,,,,
S22-43027,C22-076,,7060087,,,54,0,0,1,26-Oct-22,30-May-68,Frontal,GBM,No,,No data,,wild-type,wild-type,wild-type,mutated,wild-type,No data,No data,No data,No data,I-TERTp: c.-124C>T ,I-EGFR amp,I- Fusion EGFR Exon 1 -  EGFR Exon 8,I-PTEN: p.Pro213Leufs*8,II-TP53: p.Arg158Gly,II-TP53: c.783-1G>A,,,,,,,,
S22-44235,C22-078,,3084127,,,67,0,0,0,03-Nov-22,24-May-55,Cerebellar,GBM,Yes,,No data,,,,,,,No data,No data,No data,No data,I-CDKN2A Deletion Copy number: 0.2,II- PDGFRA amp,,,,,,,,,,,,
S22-44692,C22-079,,7067001,,,18,1,0,0,07-Nov-22,23-Apr-04,Frontal,PA,No ,,No data,,,,,,,No data,"DELETIO HET, MONOMSOMY 9: nuc ish(CDKN2Ax1,D9Z1x2)[33/200]/(CDKN2A,D9Z1)x1[89/200]",No data,No data,II-KRAS: p.(Gln61Lys),,,,,,,,,,,,,
S22-46883,C22-081,,3751474,,,56,0,0,1,21-Nov-22,20-Apr-66,Frontal,GBM,No,,Positive,,,,,,,No data,No data,No data,No data,I- Fusion EGFR Exon 1 -  EGFR Exon 8,I-EGFR amp,I-PTEN:p.(Leu152Gln),I-TERTp: c.-124C>T ,II-EGFR:p.(Gly719Ala),II-TP53: p.Pro142His,III-EGFR:p.(Trp880*),,,,,,,
S22-47245,C22-082,,7066032,,,82,0,0,1,23-Nov-22,31-Dec-39,Frontal,A/2,No,,,,wild-type,wild-type,wild-type,wild-type,,No data,No data,+7,-10,I-TERTp: c.-124C>T ,II-PIK3CA: p.Gln546Lys,,,,,,,,,,,,
S22-47345,C22-083,,7046785,,,29,1,0,1,23-Nov-22,13-Apr-93,Frontal,A/2,No,,Positive,,mutated,wild-type,mutated,mutated,,No data,"DELETION HOMO low levels: nuc ish(CDKN2Ax0,D9Z1x1)[17/200] ",No data,No data,,,,,,,,,,,,,,
S22-47959,C22-084,,7074272,,,54,0,0,1,28-Nov-22,18-Aug-68,Frontal,GBM,No,,,,wild-type,wild-type,wild-type,mutated,MSH6 mut,No data,No data,No data,No data,II-MSH6: p.Ser602*,II-EGFR: p.Gly719Val,II-FGFR1: p.Asn577Lys,II-PIK3CA: p.His1047Arg,II-TP53: p.Gly105Val,II-TP53: p.Pro142His,"III- (x 9) ATRX, BRAF, CDK4, EGFR, FGFR2, FGFR3, MYC, NF1, NTRK1, NTRK2, NTRK3, PDGFRA, POLE",,,,,,,
S22-47986,C22-085,,7066772,,,50,0,0,1,28-Nov-22,19-Nov-72,Frontal,GBM,No,,Negative,,,,,,,No data,No data,No data,No data,I- Fusion EGFR Exon 1 -  EGFR Exon 8,I-CDKN2A Deletion Copy number: 0.3,I-PTEN:p.(Arg173His),I-TERTp: c.-124C>T ,I-EGFR amp,II-TP53:p.(Ser241Tyr),,,,,,,,
S22-48283,C22-086,,4218617,,14,25,1,1,1,29-Nov-22,22-Dec-96,Frontal,DNET,Yes,,No data,,,,,,,No data,NEGATIVE,No data,No data,II-FGFR1: p.(Lys686_Lys687delinsIleGlu),,,,,,,,,,,,,
S22-49203,C22-087,,3684515,,37,51,0,0,1,05-Dec-22,03-Dec-71,Frontal,O/3,Yes,,Positive,,mutated,wild-type,wild-type,wild-type,,No data,No data,No data,No data,No data,,,,,,,,,,,,,
S22-51168,C22-088,,4060541,,12,28,1,1,1,15-Dec-22,10-Aug-94,Temporal,PXA/2,No,,Negative,,wild-type,mutated,wild-type,wild-type,,No data,"DELETION HET: nuc ish (CDKN2Ax1,D9Z1x2)[88/200]",No data,No data,II-BRAF: p.Val600Glu,,,,,,,,,,,,,
S22-51992,C22-090,,4473174,,,23,1,0,1,20-Dec-22,17-May-99,Frontal,A/2,No,,Negative,,,,,,,No data,NEGATIVE,No data,No data,I-ATRX:p.(Tyr1847Serfs*13),I-IDH1:p.(Arg132Gly),II-TP53:p.(Arg273Cys),,,,,,,,,,,
S22-52119,C22-091,,7046849,,,67,0,0,1,20-Dec-22,11-Aug-55,Frontal,GBM,No,,,,wild-type,wild-type,wild-type,wild-type,,NEGATIVE,NEGATIVE,No data,No data,II-KRAS: p.Gln61His,II-NF1: p.Ile1641Leufs*2,II-NF1: c.5610-1G>A p.? ,,,,,,,,,,,
S22-53100,C22-093,,3718378,,,52,0,0,1,30-Dec-22,30-Apr-70,"Frontal, Thal",GBM,No,,No data,,,,,,,No data,No data,No data,No data,I-TERTp: c.-124C>T ,I-CDKN2A Deletion Copy number: 0.2,II-TP53:p.(Thr2409Lysfs*9),,,,,,,,,,,
S23-923,C23-001,,7091802,,,36,1,0,1,10-Jan-23,11-Jun-86,Parietal,O/3,No,Hamilton,,,,,,,,"CO-DELETION (36%): nuc ish(TP73x1,ABL2x2)[72/200]/(TP73x2,ABL2x3~4)[24/200],(ZNF443x2,GLTSCR1x1)[74/200]/(ZNF443x3~4,GLTSCR1x2)[40/200]","DELETION HET: nuc ish(CDKN2A,D9Z1)x1[86/200]",No data,No data,I-IDH1:p.Arg132His,,,,,,,,,,,,,
S23-3151,C23-007,,7096403,,,33,1,0,1,19-Jan-23,03-Jan-90,Frontal,A/2,No,Hamilton,,,,,,,,,,,,,,,,,,,,,,,,,
S23-5450,C23-009,,7101066,,,80,0,0,1,31-Jan-23,27-Aug-42,Frontal,A/2,No,Hamilton,,,,,,,,,,,,,,,,,,,,,,,,,
S23-5452,C23-010,,7101072,,,67,0,0,1,31-Jan-23,23-Sep-55,Frontal,A/3,No,Hamilton,,,,,,,,,,,,,,,,,,,,,,,,,
S23-22341,C23-048,,7142023,,,77,0,0,1,05-May-23,18-Apr-46,Occipital,GBM,No,Hamilton,,,,,,,,,,,,,,,,,,,,,,,,,
S23-25458,C23-058,,7149297,,,57,0,0,1,24-May-23,18-Sep-65,Temporal,A/3,No,Hamilton,,,,,,,,,,,,,,,,,,,,,,,,,
S23-29765,C23-062,Chris-Done,3264381,,,44,0,0,1,15-Jun-23,19-Nov-78,Frontal,O/3,Yes,,Positive,,,,,,,"CO-DELETION (~58.5%): nuc ish(TP73x1,ABL2x2)[44/200]/(TP73x2,ABL2x3)[18/200]/
(TP73x1,ABL2x3)[31/200]/(TP73x2,ABL2x4)[38/200],
(ZNF443x3,GLTSCR1x2)[59/200]/(ZNF443x3,GLTSCR1x1)[13/200]/
(ZNF443x4,GLTSCR1x2)[34/200]/(ZNF443x4,GLTSCR1x1)[11/200]",No data,No data,No data,No data,,,,,,,,,,,,,
S23-34345,C23-070,,7168803,,,49,0,0,1,10-Jul-23,29-Dec-73,Frontal,GBM,No,Hamilton,,,,,,,,No data,No data,No data,No data,I-TERTp: c.-124C>T ,II- Fusion FGFR3 Exon 17 -  TACC3 Exon 11,II-NF1: p.(Gln400*),II-PTEN: p.(Tyr65*),II-PTPN11: p.(Tyr63Cys),,,,,,,,,
S23-39038,C23-087,,7179440,,,66,0,0,1,04-Aug-23,06-Apr-57,Frontal,O/3,Yes,Hamilton,,,,,,,,,,,,,,,,,,,,,,,,,
S23-42892,C23-096,,7189222,,,41,0,0,1,29-Aug-23,23-Dec-81,Frontal,GBM,No,Hamilton,,,,,,,,,,,,,,,,,,,,,,,,,
S22-13423,C22-022,Chris-Done,1246262,,,57,0,0,1,06-Apr-22,01-Jul-64,Temporal,A/3,No,,Negative,,,,,,,No data,No data,No data,No data,I-TERTp: c.-124C>T ,I- Fusion EGFR Exon 1 -  EGFR Exon 8,I-EGFR amp,II-CDK4 amp,,,,,,,,,,
S22-15462,C22-023,Chris-Done,3379326,,16,44,0,1,0,21-Apr-22,15-Apr-78,Occipital,PA,Yes,,Negative,,,,,,,No data,No data,No data,No data,Negative,,,,,,,,,,,,,
S22-16520,C22-024,Chris-Done,3735490,,,62,0,0,1,28-Apr-22,13-Jul-59,Frontal,A/3,No,,Positive,,,,,,,No data,No data,ABNORMAL: polisomy,ABNORMAL: polisomy,I-CDKN2A Deletion Copy number: 0.5,I-TERTp: c.-124C>T ,II-PTEN: c.1026+1G>A p.(?),II-TP53: p.(Ala79Serfs*69),,,,,,,,,,
S22-17115,C22-025,Chris-Done,4967014,,,46,0,0,1,03-May-22,22-Jul-75,Frontal,GBM,No,,Negative,,,,,,,No data,"DELETION HOMO: nuc ish(CDKN2Ax0,D9Z1x2)[118/200]/(CDKN2Ax0,D9Z1x1)[56/200]",amplification,deletion,I-CDKN2A Deletion Copy number: 0.5,I-EGFR amp,,,,,,,,,,,,
S22-17493,C22-026,Chris-Done,3659450,,23,38,1,0,1,04-May-22,01-Sep-83,Frontal,GBM,Yes,,Positive,,,,,,,No data,No data,No data,No data,II-TP53: p.(Val173Gly),II-CDK4 amp,II- PDGFRA amp,III-ATRX: p.(Arg1803His),,,,,,,,,,
S22-18510,C22-027,Chris-Done,3159825,,23,42,0,0,1,11-May-22,09-Dec-79,Frontal,O/3,Yes,,Positive,,,,,,,"CO-DELETION (~68%):nuc ish(TP73x1,ABL2x2)[81/200]/(TP73x0,ABL2x1~2)[55/200],(ZNF443x2,GLTSCR1x1)[123/200]/
(ZNF443x2,GLTSCR1x0)[19/200]",No data,No data,No data,I-TERTp: c.-124C>T ,I-IDH1: p.(Arg132His),III-FGFR1: p.(Thr174Arg,,,,,,,,,,,
S22-18774,C22-028,Chris-Done,4968192,,,51,0,0,1,12-May-22,28-Aug-70,Parietal,GBM,No,,Positive,,,,,,,No data,No data,No data,No data,I-Fusion FGFR3 Exon 17 :: TACC3 Exon 11,I-FGFR3 amp,,,,,,,,,,,,
S22-18950,C22-029,Chris-Done,2895153,,,29,1,0,1,13-May-22,18-May-92,Cerebellar,GBM,No,,Negative,,,,,,,No data,No data,No data,No data,II-TP53: p.(Cys277Trpfs*27),,,,,,,,,,,,,
S22-19219,C22-031,Chris-Done,4718745,,20 (cl),22,1,1,1,16-May-22,18-Dec-99,Frontal,O/2,No,,Positive,,,,,,,"CO-DELETION (~21%):nuc ish(TP73x1,ABL2x2)[54/200],(ZNF443x2,GLTSCR1x1)[42/200]","DELETION HOMO low levels: nuc ish(CDKN2A,D9Z1)x1[100/200](CDKN2Ax0,D9Z1x1)[15/200]",No data,No data,No data,,,,,,,,,,,,,
S22-19443,C22-032,Chris-Done,4262525,,25,36,1,0,1,17-May-22,17-Jun-85,Frontal,GBM,Yes,,Positive,,,,,,,No data,No data,No data,No data,I-ATRX: c.5698-1G>C p.(?),I-IDH1: p.(Arg132Cys),II-TP53: p.(Arg273Cys),,,,,,,,,,,
S22-19767,C22-034,Chris-Done,4309381,,29,35,1,0,1,19-May-22,09-May-87,Temporal,GBM,Yes,,Inconclusive,,,,,,,No data,"DELETION HOMO: nuc ish(CDKN2Ax0,D9Z1x1)[16/200]/(CDKN2Ax0,D9Z1x2)[18/200]/(CDKN2Ax0,D9Z1x3~4)[18/200]/
(CDKN2A dimx1,D9Z1x1)[14/200]/(CDKN2A dimx1~2,D9Z1x2)[14/200]/(CDKN2A dimx1~2,D9Z1x3~4)[24/200]",No data,No data,I-CDKN2A Deletion Copy number: 0.3,I-ATRX: p.(Ser1324*),I-IDH1: p.(Arg132His),II-PIK3CA: p.(Glu545Lys),II-TP53: p.(Pro191del),II-TP53: p.(Gln331*),,,,,,,,
S22-20387,C22-036,,TB00161672,,,59,0,0,1,24-May-22,12-Feb-63,Temporal,GBM,No,Thunder Bay,,,,,,,,,,,,,,,,,,,,,,,,,
S22-20684,C22-037,Chris-Done,4972288,,,56,0,0,1,26-May-22,19-Nov-65,Temporal,GBM,No,,Negative,,,,,,,No data,No data,No data,No data,I-CDKN2A Deletion Copy number: 0.3,II- PDGFRA amp,II-TP53: p.(Arg196Gln),III-EGFR: p.(Gly588Ser),,,,,,,,,,
S22-20887,C22-038,NO NOTES ON EPIC,2971535,,,46,0,0,1,27-May-22,07-Jul-75,Parietal,GBM,No,,No data,,,,,,,No data,No data,No data,No data,No data,,,,,,,,,,,,,
S22-22428,C22-041,Chris-Done,4464122,,,78,0,0,1,07-Jun-22,12-Sep-43,Temporal,GBM,No,,Negative,,,,,,,No data,NEGATIVE,NEGATIVE,NEGATIVE,I-TERTp: c.-124C>T ,,,,,,,,,,,,,
S22-25357,C22-044,,7010207,,,64,0,0,1,28-Jun-22,23-Aug-57,Temporal,A/2,No,Saskatoon,,,,,,,,,,,,,,,,,,,,,,,,,
S22-27218,C22-045,Chris-Done,4880585,,,68,0,0,1,12-Jul-22,06-Dec-53,Temporal,GBM,No,,Negative,,,,,,,No data,No data,amplification,deletion,I-Fusion FGFR3 Exon 17 :: TACC3 Exon 11,I-TERTp: c.-124C>T ,,,,,,,,,,,,
S22-27431,C22-046,Chris-Done,4843134,,42 (cl),50,0,0,1,13-Jul-22,02-May-72,SC,DLGNT,No,,No data,,,,,,,"CO-DELETION (~18.5%):nuc ish(TP73x1,ABL2x2)[59/200]/(TP73x1,ABL2x3)[92/200],(ZNF443x2,GLTSCR1x1)[37/200]",No data,No data,No data,I-Fusion KIAA1549 Exon 14 :: BRAF Exon 9,,,,,,,,,,,,,
S22-27558,C22-047,Chris-Done,4969511,,,51,0,0,1,13-Jul-22,21-Apr-71,Temporal,GBM,No,,Positive,,,,,,,No data,No data,No data,No data,I-TERTp: c.-124C>T ,I-EGFR amp,II-CDK4 amp,,,,,,,,,,,
S22-28334,C22-048,Chris-Done,4963460,,41,41,0,0,1,19-Jul-22,04-Mar-81,Occipital,GBM,Yes,,Positive,,,,,,,No data,NEGATIVE,No data,No data,I-IDH1: p.(Arg132His),II-Fusion PTPRZ1 Exon 1 - MET Exon 2,II-ATRX: p.(Asp470Valfs*43),II-CDK4 amp,II-TP53: p.(Arg175His),,,,,,,,,
S21-48286,C21-066,Chris-Done,4746514,,,74,0,0,1,30-Nov-21,27-May-47,Temporal,A/3,No,,,,,,,,,,,,,,,,,,,,,,,,,,
S21-49714 / S23-15757,C21-067,Chris-Done,4889085,,20,27,1,0,1,08-Dec-21,20-Dec-93,Frontal,GBM,Yes,,,,,,,,,,,,,,,,,,,,,,,,,,
S22-3597 / S24-30806,C22-007,Chris-Done,3654943,,37,51,0,0,1,01-Feb-22,09-Feb-70,Frontal,O/3,Yes,,No data,,,,,,,No data,No data,No data,No data,No data,,,,,,,,,,,,,
S22-9661 / S22-47244,C22-012,Chris-Done,2846699,,,56,0,0,1,14-Mar-22,29-Dec-65,Frontal,GBM,No,,Negative,,,,,,,No data,"DELETION HOMO: nuc ish(CDKN2Ax0,D9Z1x1)[56/200]/(CDKN2Ax0,D9Z1x2)[111/200]",No data,No data,I- Fusion EGFR Exon 1 -  EGFR Exon 8,I-CDKN2A Deletion Copy number: 0.3,I-EGFR amp,I-TERTp: c.-124C>T ,II-PTEN: p.(Tyr68Cys),III-EGFR: p.(Leu907Phe),,,,,,,,
S22-13737,C22-018,,4721334,,,63,0,0,1,31-Mar-22,26-Mar-59,"Temporal (gliomatosis -bithalamic, cerebellar, brainstem)",A/2,No,SBK S22-5493,,,,,,,,,,,,,,,,,,,,,,,,,
S22-12691 / S22-50463,C22-019,Chris-Done,1272632,,,59,0,0,1,01-Apr-22,25-Mar-63,Frontal,A/2,No,,Negative,,,,,,,No data,"DELETION HOMO: nuc ish(CDKN2Ax0,D9Z1x1)[61/200]",amplification,deletion,III-BRAF: p.(Asn581His),,,,,,,,,,,,,
S22-13194,C22-021,Chris-Done,4779470,,23 (cl),25,1,0,1,05-Apr-22,15-Mar-97,Parietal,O/3,No,,Positive,,,,,,,"CO-DELETION (~44.5%):nuc ish(TP73x1,ABL2x2)[89/200]/(TP73,ABL2)x1[68/200]/(TP73x0,ABL2x2)[17/200]/(TP73x0,ABL2x1)[12/200],
(ZNF443x2,GLTSCR1x1)[110/200]/(ZNF443x2,GLTSCR1x0)[19/200]/(ZNF443x1,GLTSCR1x0)[17/200]",No data,No data,No data,No data,,,,,,,,,,,,,
S22-19126,C22-030,Chris-Done,4285640,,,43,0,0,1,16-May-22,09-May-79,Frontal,GBM,No,,No data,,,,,,,No data,Negative,No data,No data,No data,,,,,,,,,,,,,
S22-19552,C22-033,Chris-Done,4894675,,49,50,0,0,1,18-May-22,10-Mar-72,Temporal,GBM,Yes,,No data,,,,,,,No data,No data,No data,No data,No data,,,,,,,,,,,,,
S22-20122,C22-035,Chris-Done,1312196,,,32,1,1,1,20-May-22,20-Sep-89,Temporal,GG,No,,No data,,,,,,,No data,No data,No data,No data,I-Fusion KIAA1549 Exon 9 :: BRAF Exon 9,,,,,,,,,,,,,
S22-21109,C22-039,Chris-Done,4973295,,,30,1,0,1,30-May-22,25-May-92,Frontal,O/3,No,,Positive,,,,,,,"CO-DELETION (~43.5%): nuc ish(TP73x1,ABL2x2)[87/200]/(TP73,ABL2)x1[64/200]/(TP73x0,ABL2x1)[17/200]/(TP73x0,ABL2x2)[14/200],
(ZNF443x2,GLTSCR1x1)[115/200]/(ZNF443,GLTSCR1)x1[62/200]/(ZNF443x2,GLTSCR1x0)[8/200]",No data,No data,No data,No data,,,,,,,,,,,,,
S22-22258,C22-040,Chris-Done,4967681,,,61,0,0,0,06-Jun-22,30-Aug-60,SC,EPE/2,No,,No data,,,,,,,No data,No data,No data,No data,No data,,,,,,,,,,,,,
S22-24067 / R22-2061 / S24-27598,C22-042,Chris-Done,7005937,,,33,1,0,1,19-Jun-22,09-Nov-88,Parietal,A/3,No,,Negative,,,,,,,No data,No data,No data,No data,II-NF1:p.(Lys1749Argfs*7),II-NF1: p.(Arg1970Leufs*8),II-PIK3CA: p.(Arg108His),II-TP53:p.(Arg175His),II-TP53: p.(Arg273His),,,,,,,,,
S22-25178 / S24-8628,C22-043,Chris-Done,4021227,,,47,0,0,1,27-Jun-22,05-Jan-75,Parietal,GBM,No,,Positive,,,,,,,No data,No data,No data,No data,I-TERTp: c.-124C>T ,II-TP53: c.993+1G>A p.(?),III-PIK3CA amp,,,,,,,,,,,
S22-34515 / S23-59648,C22-056,Chris-Done,7032998,,,19,1,0,1,01-Sep-22,31-May-03,Parietal,GBM,No,,Negative,,,,,,,No data,No data,ABNORMAL: polisomy,ABNORMAL: polisomy,II-RB1: c.2520+3_2520+6delGAGT p.(?),II-TP53: c.559+1G>A p.(?),III-ATRX: p.(Thr387Ala),III-ATRX: p.(Gln2183del),III-NTRK1:,,,,,,,,,
S22-37208,C22-065,Chris-Done,7041776,,25 (cl),65,0,0,0,20-Sep-22,09-Feb-57,4V,EPE/2,No,,No data,,,,,,,No data,No data,No data,No data,III-MYCN: p.(Ser289Cys),,,,,,,,,,,,,
S22-37756,C22-066,Chris-Done,4930265,,4 (cl),29,1,0,0,22-Sep-22,01-Jul-93,4V,PA,Yes,,No data,No data,No data,No data,No data,,,No data,No data,No data,No data,No data,,,,,,,,,,,,,
S22-39488 / S23-7513,C22-068,Kat,7048726,,,56,0,0,1,04-Oct-22,17-Apr-66,Parietal,GBM,No,,Inconclusive,,,,,,,No data,No data,No data,No data,I-TERTp: c.-124C>T ,II-Fusion:  MET Exon 13 -  MET Exon 15,II-MET amp,II-CDK4 amp,II- PDGFRA amp,II-PTEN: p.(Ser10Asn),II-TP53: p.(Cys176Phe),II-TP53: p.(Glu285Lys),,,,,,
S22-41459,C22-070,,4827535,,,48,0,0,1,17-Oct-22,18-Dec-73,Parietal,A/2,Yes,S21-4869 Thunder Bay,,,,,,,,,,,,,,,,,,,,,,,,,
S22-42971,C22-075,,7043540,,,53,0,0,1,26-Oct-22,14-May-69,Frontal,A/3,No,,Positive,,,,,,,No data,Negative,No data,No data,No data,,,,,,,,II-Fusion PTPRZ1 Exon 1 - MET Exon 2,,,,,
S22-43453 / S23-58689,C22-077,,4587988,,28,32,1,0,1,28-Oct-22,30-Aug-90,Frontal,GBM,Yes,,No data,,,,,,,No data,No data,No data,No data,II-Fusion PTPRZ1 Exon 1 - MET Exon 2,,II-PIK3CA:p.(Glu545Lys),II-RB1:c.138-1G>A p.(?),II-TP53:p.(Thr18Ile),II-TP53:p.(Glu258Gly),III-MSH6:p.(Met662Ile),III-MSH2:p.(Ser124Phe),III-MET:p.(Glu1138Lys),III-BRAF: p.(Ile554Thr),,,,
S22-45746,C22-080,,4553909,,,39,1,0,1,14-Nov-22,13-Sep-83,Frontal,O/3,No,,positive,,,,,,,"CO-DELETION (~39%):nuc ish(TP73x1,ABL2x2)[78/200],(ZNF443x2,GLTSCR1x1)[113/200]",No data,No data,No data,No data,,,,,,,,,,,,,
S22-51810,C22-089,,3112758,,,65,0,0,1,19-Dec-22,19-Apr-57,Parietal,O/2,No,,No data,,,,,,,"CO-DELETION (~17.5%):nuc ish(TP73x1,ABL2x2)[53/200]/(TP73x2,ABL2x3)[23/200]/(TP73x1,ABL2x3)[13/200]/(TP73x2,ABL2x4)[14/200]/
(TP73x1,ABL2x4)[14/200],(ZNF443x2,GLTSCR1x1)[35/200]/(ZNF443x3,GLTSCR1x2)[42/200]/
(ZNF443x3,GLTSCR1x1)[14/200]/(ZNF443x4,GLTSCR1x2)[4/200]",Negative,No data,No data,No data,,,,,,,,,,,,,
S22-52929,C22-092,,7088148,,,75,0,0,1,29-Dec-22,01-Feb-47,Frontal,GBM,No,Hamilton,,,,,,,,,,,,,,,,,,,,,,,,,
S23-1685,C23-002,,7093429,,,63,0,0,1,12-Jan-23,01-Apr-59,Frontal,GBM,No,Hamilton,,,,,,,,,,,,,,,,,,,,,,,,,
S23-6507,C23-012,,4229983,,,42,0,0,1,06-Feb-23,11-Jun-80,Frontal,O/2,No,,Indeterminate,,,,,,,"CO-DELETION (~24%): nuc ish(TP73x1,ABL2x2)[49/200]/(TP73x1~2,ABL2x3)[27/200],
(ZNF443x2,GLTSCR1x1)[56/200]/(ZNF443x3,GLTSCR1x1~2)[19/200]
(ZNF443x4,GLTSCR1x2)[34/200]/(ZNF443x4,GLTSCR1x1)[11/200]",NEGATIVE,No data,No data,No data,,,,,,,,,,,,,
S23-6529,C23-013,,4434187,,,44,0,0,1,06-Feb-23,23-Oct-78,Parietal,O/2,No,,Positive,,,,,,,"CO-DELETION (~38.5%):nuc ish(TP73x1,ABL2x2)[77/200]/(TP73,ABL2)x1[81/200],(ZNF443x2,GLTSCR1x1)[92/200]/
(ZNF443,GLTSCR1)x1[53/200]",NEGATIVE,No data,No data,No data,,,,,,,,,,,,,
S23-8285,C23-015,,4288496,,34,42,0,0,1,15-Feb-23,05-Jun-80,Frontal,O/2,Yes,,No data,,,,,,,"CO-DELETION (~56%):nuc ish(TP73x1,ABL2x2)[112/200],
(ZNF443x2,GLTSCR1x1)[124/200]/(ZNF443x2,GLTSCR1x0)[15/200]/
(ZNF443x1,GLTSCR1x0)[12/200]",NEGATIVE,No data,No data,No data,,,,,,,,,,,,,
S23-10811,C23-020,,7112540,,,61,0,0,1,01-Mar-23,17-Sep-61,Frontal,GBM,No,Hamilton,,,,,,,,,,,,,,,,,,,,,,,,,
S23-10874,C23-021,,7101014,,,52,0,0,0,01-Mar-23,13-Mar-70,Temporal,MVNT,No,Trillium,,,,,,,,,,,,,,,,,,,,,,,,,
S23-11769,C23-024,,7100490,,,56,0,0,1,07-Mar-23,23-Nov-66,Temporal,GBM,No,St Mikes,,,,,,,,,,,,,,,,,,,,,,,,,
S23-13284,C23-025,,3700523,,,39,1,0,1,15-Mar-23,15-Aug-83,Frontal,O/3,No,,Positive,,,,,,,"CO-DELETION (~31.5%):nuc ish(TP73x1,ABL2x2)[63/200],(ZNF443x2,GLTSCR1x1)[66/200]","DELETION HOMO: nuc ish(CDKN2Ax0,D9Z1x1)[12/200]/(CDKN2A,D9Z1)x1[70/200]",No data,No data,No data,,,,,,,,,,,,,
S23-14419,C23-026,,7123515,,,57,0,0,1,22-Mar-23,20-Apr-65,Frontal,A/2,No,Hamilton,,,,,,,,,,,,,,,,,,,,,,,,,
S23-15241,C23-027,,4968101,,,51,0,0,1,27-Mar-23,25-Jan-72,Frontal,O/3,No,,Positive,,,,,,,"CO-DELETION (~52%):nuc ish(TP73x1,ABL2x2)[104/200],(ZNF443x2,GLTSCR1x1)[142/200]",NEGATIVE,No data,No data,No data,,,,,,,,,,,,,
S23-17419,C23-031,,7130198,,,35,1,0,1,06-Apr-23,15-Nov-87,Frontal,O/2,No,Hamilton,,,,,,,,,,,,,,,,,,,,,,,,,
S23-17961,C23-032,,7132344,,,37,1,0,1,13-Apr-23,18-May-85,Parietal,GBM,No,Hamilton,,,,,,,,,,,,,,,,,,,,,,,,,
S23-19807,C23-036,,7136592,,,78,0,0,1,24-Apr-23,09-Dec-44,Temporal,GBM,No,Hamilton,,,,,,,,,,,,,,,,,,,,,,,,,
S23-19953,C23-037,,7136781,,29,31,1,0,1,24-Apr-23,20-Aug-91,Frontal,GBM,Yes,Hamilton,,,,,,,,,,,,,,,,,,,,,,,,,
S23-21176,C23-043,,7139573,,,56,0,0,1,01-May-23,03-Nov-66,Occipital,GBM,No,Hamilton,,,,,,,,,,,,,,,,,,,,,,,,,
S23-21741,C23-044,,7140220,,,51,0,0,1,03-May-23,07-Mar-72,Parietal,A/3,No,Hamilton,,,,,,,,,,,,,,,,,,,,,,,,,
S23-22169,C23-046,,7141619,,,79,0,0,1,04-May-23,15-Jun-43,Frontal,GBM,No,Hamilton,,,,,,,,,,,,,,,,,,,,,,,,,
S23-22343,C23-047,,7142024,,,70,0,0,1,05-May-23,29-Jan-53,Frontal,O/2,Yes,Hamilton,,,,,,,,,,,,,,,,,,,,,,,,,
S23-24177,C23-051,,7146460,,,36,1,1,0,16-May-23,08-Dec-86,Frontal,DNET,No,Hamilton,,,,,,,,,,,,,,,,,,,,,,,,,
S23-24178,C23-052,,7146459,,,76,0,0,1,17-May-23,14-Apr-47,Frontal,A/3,No,Hamilton,,,,,,,,,,,,,,,,,,,,,,,,,
S23-24651,C23-055,,7052170,,17,26,1,0,1,18-May-23,24-May-96,Frontal,A/2,Yes,,Positive,,,,,,,"ABNORMAL: NO CO-DELETION: nuc ish(TP73,ABL2)x3~4[8/200]/(TP73,ABL2)x3~4[14/200],(ZNF443,GLTSCR1)x3[9/200]/
(ZNF443x3,GLTSCR1x1)[12/200]/(ZNF443x3,GLTSCR1x2)[55/200]",NEGATIVE,No data,No data,No data,,,,,,,,,,,,,
S23-26655,C23-059,,7152266,,,55,0,0,1,01-Jun-23,23-Jun-67,Parietal,GBM,No,Hamilton,,,,,,,,,,,,,,,,,,,,,,,,,
S23-27309,C23-060,,7151348,,,64,0,0,1,05-Jun-23,28-Jul-58,Frontal,GBM,No,,Positive,,,,,,,No data,No data,No data,No data,No data,,,,,,,,,,,,,
S23-28552 / S24-4453,C23-061,,7156008,,40,41,0,0,1,09-Jun-23,05-Aug-81,Temporal,GBM,Yes,Hamilton,,,,,,,,,,,,,,,,,,,,,,,,,
S23-33943,C23-069,,7167913,,,56,0,0,1,07-Jul-23,05-Nov-66,Frontal,GBM,No,Hamilton,,,,,,,,,,,,,,,,,,,,,,,,,
S23-34806,C23-071,,7169954,,,58,0,0,1,12-Jul-23,08-Jan-65,Frontal,GBM,No,Hamilton,,,,,,,,,,,,,,,,,,,,,,,,,
S23-36089,C23-075,,4420412,,,48,0,0,1,19-Jul-23,09-Dec-74,Frontal,O/2,No,,No data,,,,,,,"CO-DELETION (~21%):nuc ish(TP73x1,ABL2x2)[60/200]/(TP73x2,ABL2x3)[15/200]/(TP73x1,ABL2x3)[15/200]/(TP73x2,ABL2x4)[14/200],
(ZNF443x2,GLTSCR1x1)[42/200]/(ZNF443x3,GLTSCR1x2)[34/200]/(ZNF443x3,GLTSCR1x1)[12/200]/
(ZNF443x4,GLTSCR1x2)[20/200]",NEGATIVE,No data,No data,No data,,,,,,,,,,,,,
S23-35993,C23-076,,7172656,,,32,1,0,1,19-Jul-23,15-Sep-90,Frontal,A/3,No,Hamilton,,,,,,,,,,,,,,,,,,,,,,,,,
S23-36002,C23-077,,7172712,,,89,0,0,1,21-Jul-23,13-Jul-34,Parietal,A/3,No,Hamilton,,,,,,,,,,,,,,,,,,,,,,,,,
S23-36874,C23-078,,7174648,,,74,0,0,1,25-Jul-23,03-Jan-49,Frontal,A/3,No,Hamilton,,,,,,,,,,,,,,,,,,,,,,,,,
S23-37295,C23-080,,7175660,,,64,0,0,1,26-Jul-23,14-Jan-59,Frontal,GBM,No,Hamilton,,,,,,,,,,,,,,,,,,,,,,,,,
S23-37298,C23-081,,7175639,,,54,0,0,1,26-Jul-23,11-Nov-68,Frontal,O/2,No,Hamilton,,,,,,,,,,,,,,,,,,,,,,,,,
S23-38025,C23-085,,4821466,,,29,1,0,1,31-Jul-23,21-Mar-94,Frontal,A/3,No,,No data,,,,,,,No data,"DELETION HOMO low levels: nuc ish(CDKN2A,D9Z1)x1[96/200]/(CDKN2Ax0,D9Z1x1)[17/200]",No data,No data,No data,,,,,,,,,,,,,
S23-38028,C23-086,,3980598,,41,53,0,0,1,31-Jul-23,09-Mar-70,Frontal,O/3,Yes,,No data,,,,,,,CO-DELETION (2011),No data,No data,No data,No data,,,,,,,,,,,,,
S23-41321,C23-089,,2358493,,,54,0,0,1,18-Aug-23,14-Nov-68,Frontal,O/2,Yes,Hamilton,,,,,,,,,,,,,,,,,,,,,,,,,
S23-41481,C23-090,,7185648,,,55,0,0,1,21-Aug-23,03-Jan-68,Frontal,GBM,No,Hamilton,,,,,,,,,,,,,,,,,,,,,,,,,
S23-42206,C23-091,,3067899,,,75,0,0,1,24-Aug-23,16-Dec-47,Frontal,GBM,No,Hamilton,,,,,,,,,,,,,,,,,,,,,,,,,
S23-42217,C23-092,,7187210,,,64,0,0,1,24-Aug-23,06-Oct-58,Frontal,GBM,No,Hamilton,,,,,,,,,,,,,,,,,,,,,,,,,
S23-42888,C23-094,,4952604,,,59,0,0,1,29-Aug-23,12-Oct-63,Temporal,GBM,No,Hamilton,,,,,,,,,,,,,,,,,,,,,,,,,
S23-42890,C23-095,,7189218,,,43,0,0,1,29-Aug-23,10-Dec-79,Frontal,O/3,Yes,Hamilton,,,,,,,,,,,,,,,,,,,,,,,,,
S23-42896,C23-097,,7186079,,,64,0,0,1,29-Aug-23,12-Aug-59,Temporal,A/3,No,Hamilton,,,,,,,,,,,,,,,,,,,,,,,,,
S23-44661,C23-100,,7191566,,,59,0,0,1,11-Sep-23,06-Apr-64,Parietal,GBM,No,Hamilton,,,,,,,,,,,,,,,,,,,,,,,,,
S23-44762,C23-101,,7193845,,,30,1,0,1,11-Sep-23,19-Jan-93,Frontal,A/2,Yes,Hamilton,,,,,,,,,,,,,,,,,,,,,,,,,
S23-45894,C23-102,,7192749,,,66,0,0,1,15-Sep-23,18-Mar-57,Parietal,GBM,No,Hamilton,,,,,,,,,,,,,,,,,,,,,,,,,
S23-45999,C23-103,,7196873,,,52,0,0,1,18-Sep-23,23-Feb-71,Parietal,O/3,Yes,Hamilton,,,,,,,,,,,,,,,,,,,,,,,,,
S23-46003,C23-104,,7196892,,,58,0,0,1,18-Sep-23,05-Aug-65,Temporal,GBM,No,Hamilton,,,,,,,,,,,,,,,,,,,,,,,,,
S23-46007,C23-105,,2770017,,23,48,0,0,0,18-Sep-23,07-Jul-75,SC,EPE/2,Yes,,No data,,,,,,,No data,No data,No data,No data,NEGATIVE,,,,,,,,,,,,,
S23-46009,C23-106,,7196900,,,63,0,0,1,18-Sep-23,06-Oct-59,Frontal,GBM,No,Hamilton,,,,,,,,,,,,,,,,,,,,,,,,,
S23-46730,C23-107,,7198467,,,45,0,0,1,21-Sep-23,03-May-78,Parietal,GBM,No,Hamilton,,,,,,,,,,,,,,,,,,,,,,,,,
S23-47341,C23-108,,7199903,,,45,0,0,1,25-Sep-23,09-Apr-78,Frontal,GBM,No,Hamilton,,,,,,,,,,,,,,,,,,,,,,,,,
S23-47346,C23-109,,7199909,,,59,0,0,1,25-Sep-23,04-Oct-63,Frontal,GBM,No,Hamilton,,,,,,,,,,,,,,,,,,,,,,,,,
S23-47473,C23-110,,7200160,,,52,0,0,1,25-Sep-23,18-Nov-70,Frontal,GBM,No,Hamilton,,,,,,,,,,,,,,,,,,,,,,,,,
S23-47474,C23-111,,7200168,,,54,0,0,1,25-Sep-23,06-Aug-69,Frontal,GBM,No,Hamilton,,,,,,,,,,,,,,,,,,,,,,,,,
S23-47671,C23-112,,7160559,,,19,1,0,1,26-Sep-23,22-Nov-03,Frontal,A/2,No,,No data,,,,,,,No data,NEGATIVE,No data,No data,No data,,,,,,,,,,,,,
S23-48091,C23-113,,7201744,,,70,0,0,1,28-Sep-23,08-Mar-53,Parietal,GBM,No,Hamilton,,,,,,,,,,,,,,,,,,,,,,,,,
S23-48707,C23-115,,7203063,,,52,0,0,1,02-Oct-23,29-Apr-71,Frontal,GBM,No,Hamilton,,,,,,,,,,,,,,,,,,,,,,,,,
S23-49053,C23-116,,7197219,,,40,0,0,1,03-Oct-23,21-Oct-82,Frontal,O/3,No,,No data,,,,,,,"CO-DELETION (~30%):nuc ish(TP73x1,ABL2x2)[69/200]/(TP73,ABL2)x1[63/200],(ZNF443x2,GLTSCR1x1)[60/200]/
(ZNF443x3,GLTSCR1x1~2)[50/200]","DELETION HOMO: nuc ish(CDKN2Ax0,D9Z1x1)[15/200]/(CDKN2Ax0,D9Z1x2)[11/200]/(CDKN2Ax1,D9Z1x2)[37/200]",No data,No data,No data,,,,,,,,,,,,,
S23-49390,C23-117,,7086068,,,20,1,0,1,05-Oct-23,18-Oct-02,Temporal,A/2,No,,No data,No data,NEGATIVE,No data,No data,No data,,No data,NEGATIVE,No data,No data,No data,,,,,,,,,,,,,
S23-50041,C23-118,,7202866,,,58,0,0,1,10-Oct-23,06-Feb-65,Frontal,O/2,No,,No data,,,,,,,"CO-DELETION (~18.5%): nuc ish(TP73x1,ABL2x2)[36/200]/(TP73x1~2,ABL2x3)[61/200]/(TP73x2,ABL2x4)[60/200],
(ZNF443x2,GLTSCR1x1)[41/200]/(ZNF443x3,GLTSCR1x2)[56/200]/(ZNF443x4,GLTSCR1x2)[58/200]",NEGATIVE,No data,No data,No data,,,,,,,,,,,,,
S23-50070 / S23-51147,C23-119,,7205095,,,27,1,0,1,10-Oct-23,16-Nov-95,Frontal,O/2,No,Hamilton,,,,,,,,,,,,,,,,,,,,,,,,,
S23-50076,C23-120,,7206302,,,41,0,0,1,10-Oct-23,02-Oct-82,Temporal,GBM,Yes,Hamilton,,,,,,,,,,,,,,,,,,,,,,,,,
S23-51149,C23-123,,7208992,,,41,0,0,1,16-Oct-23,30-Sep-82,Frontal,O/2,No,Hamilton,,,,,,,,,,,,,,,,,,,,,,,,,
S23-51444,C23-124,,4051004,,,43,0,0,1,17-Oct-23,20-Nov-79,Parietal,A/2,No,,No data,,,,,,,No data,NEGATIVE,No data,No data,No data,,,,,,,,,,,,,
S23-51498,C23-125,,3777854,,,37,1,0,1,18-Oct-23,06-Apr-86,Frontal,O/3,No,,No data,,,,,,,"CO-DELETION (~50.5%): nuc ish(TP73x1,ABL2x2)[67/200]/(TP73x2,ABL2x3)[17/200]/(TP73x1,ABL2x3)[11/200]/
(TP73x2,ABL2x4)[6/200],(ZNF443x2,GLTSCR1x1)[85/200]/(ZNF443x3,GLTSCR1x2)[11/200]/
(ZNF443x3,GLTSCR1x1)[9/200]/(ZNF443x4,GLTSCR1x2)[6/200]",No data,No data,No data,No data,,,,,,,,,,,,,
S23-51633,C23-126,,7210068,,,36,1,0,1,18-Oct-23,20-Nov-86,Frontal,A/3,Yes,Hamilton,,,,,,,,,,,,,,,,,,,,,,,,,
S23-52224,C23-130,,7211134,,,35,1,0,1,20-Oct-23,17-Oct-88,Frontal,A/2,No,Hamilton,,,,,,,,,,,,,,,,,,,,,,,,,
S23-54350,C23-132,,7215792,,,50,0,0,1,01-Nov-23,20-Jul-73,Frontal,GBM,No,Hamilton,,,,,,,,,,,,,,,,,,,,,,,,,
S23-54889,C23-133,,7217132,,,66,0,0,1,03-Nov-23,14-May-57,Frontal,GBM,No,Hamilton,,,,,,,,,,,,,,,,,,,,,,,,,
S23-54893,C23-134,,7217115,,,54,0,0,1,03-Nov-23,25-Aug-69,Frontal,PXA/3,No,Hamilton,,,,,,,,,,,,,,,,,,,,,,,,,
S23-55234,C23-135,,3114304,,28,39,1,0,1,06-Nov-23,20-Mar-84,Temporal,O/2,No,Hamilton,,,,,,,,,,,,,,,,,,,,,,,,,
S23-55376,C23-136,,4473174,,23,24,1,0,1,07-Nov-23,17-May-99,Temporal,A/2,No,,,,,,,,,,,,,,,,,,,,,,,,,,
S23-56069,C23-137,,7215765,,,30,1,0,1,10-Nov-23,26-Jul-93,Parietal,GBM,No,St Mikes ,,,,,,,,,,,,,,,,,,,,,,,,,
S23-56085,C23-138,,4965176,,,60,0,0,1,10-Nov-23,02-Apr-63,Temporal,GBM,No,Hamilton,,,,,,,,,,,,,,,,,,,,,,,,,
S23-56389,C23-139,,7220831,,,75,0,0,1,13-Nov-23,08-Mar-48,Temporal,GBM,No,Hamilton,,,,,,,,,,,,,,,,,,,,,,,,,
S23-57047,C23-141,,7222166,,,67,0,0,1,16-Nov-23,14-Aug-56,Frontal,GBM,No,Hamilton,,,,,,,,,,,,,,,,,,,,,,,,,
S23-57852,C23-142,,4882920,,,54,0,0,1,21-Nov-23,07-Feb-69,Parietal,GBM,No,St Mikes,,,,,,,,,,,,,,,,,,,,,,,,,
S23-57876,C23-143,,7224486,,,20,1,0,0,21-Nov-23,09-Oct-03,CBM,PA,No,Hamilton,,,,,,,,,,,,,,,,,,,,,,,,,
S23-57883,C23-144,,7211141,,50,63,0,0,1,21-Nov-23,05-Jun-60,Frontal,A/2,Yes,Hamilton,,,,,,,,,,,,,,,,,,,,,,,,,
S23-57885,C23-145,,7224483,,,57,0,0,1,21-Nov-23,13-Jun-66,Occipital,GBM,No,Hamilton,,,,,,,,,,,,,,,,,,,,,,,,,
S23-57887,C23-146,,7224478,,,30,1,0,1,21-Nov-23,13-Sep-93,Frontal,A/2,No,Hamilton,,,,,,,,,,,,,,,,,,,,,,,,,
S23-58460,C23-148,,4467540,,23,29,1,0,1,21-Nov-23,17-May-94,Frontal,GBM,Yes,,Positive,,,,,,,No data,No data,No data,No data,No data,,,,,,,,,,,,,
S23-59399,C23-149,,7130920,,,40,0,0,1,28-Nov-23,05-Aug-83,Frontal,O/3,No,,Positive,,,,,,,"CO-DELETION (~53.5%): nuc ish(TP73x1,ABL2x2)[115/200],(ZNF443x2,GLTSCR1x1)[107/200]",NEGATIVE,No data,No data,I-IDH1:p.Arg132His,,,,,,,,,,,,,
S23-59491,C23-150,,4669038,,,35,1,0,1,28-Nov-23,27-Sep-88,Parietal,A/2,Yes,Hamilton,,,,,,,,,,,,,,,,,,,,,,,,,
S23-60014,C23-151,,3710380,,25,38,1,0,1,30-Nov-23,10-May-85,Frontal,O/3,Yes,,No data,,,,,,,CO-DELETION (2010),No data,No data,No data,No data,,,,,,,,,,,,,
S23-60065,C23-152,,7228810,,,67,0,0,1,30-Nov-23,16-Nov-56,Parietal,GBM,No,Hamilton,,,,,,,,,,,,,,,,,,,,,,,,,
S23-60217,C23-153,,7229112,,,41,0,0,1,01-Dec-23,05-May-82,Parietal,O/2,No,Hamilton,,,,,,,,,,,,,,,,,,,,,,,,,
S23-60441,C23-154,,3803251,,39,53,0,0,1,04-Dec-23,30-Dec-69,Frontal,O/3,Yes,,No data,No data,No data,No data,No data,No data,,No data,No data,No data,No data,No data,,,,,,,,,,,,,
S23-61064,C23-156,,7231076,,,29,1,0,1,06-Dec-23,07-Oct-94,SC,GBM,Yes,Hamilton,,,,,,,,,,,,,,,,,,,,,,,,,
S23-61117,C23-157,,7231192,,,57,0,0,1,06-Dec-23,06-Sep-66,Frontal,A/2,No,Hamilton,,,,,,,,,,,,,,,,,,,,,,,,,
S23-61121,C23-158,,7229055,,,35,1,0,1,06-Dec-23,17-Nov-88,Parietal,O/2,No,Hamilton,,,,,,,,,,,,,,,,,,,,,,,,,
S23-62251,C23-160,,3052442,,34,41,0,0,1,12-Dec-23,08-Aug-82,Parietal,GBM,Yes,,Positive,,,,,,,No data,No data,No data,No data,No data,,,,,,,,,,,,,
S23-62521,C23-161,,7234280,,,59,0,0,1,13-Dec-23,14-Jan-64,Frontal,GBM,No,Hamilton,,,,,,,,,,,,,,,,,,,,,,,,,
S23-62522,C23-162,,3823940,,,44,0,0,1,13-Dec-23,07-Jun-79,Temporal,GBM,No,Hamilton,,,,,,,,,,,,,,,,,,,,,,,,,
S23-62553,C23-163,,7234229,,,81,0,0,1,13-Dec-23,01-May-42,Parietal,A/2,No,Hamilton,,,,,,,,,,,,,,,,,,,,,,,,,
S23-62555,C23-164,,7234238,,,60,0,0,1,13-Dec-23,27-Nov-63,Frontal,GBM,No,Hamilton,,,,,,,,,,,,,,,,,,,,,,,,,
S23-62556,C23-165,,1090911,,,65,0,0,1,13-Dec-23,27-Sep-58,Temporal,GBM,No,Hamilton,,,,,,,,,,,,,,,,,,,,,,,,,
S23-63476,C23-166,,7236338,,,60,0,0,1,18-Dec-23,07-Oct-63,LV,PA,No,Hamilton,,,,,,,,,,,,,,,,,,,,,,,,,
S23-63479,C23-167,,4018971,,,46,0,0,1,18-Dec-23,31-Jan-77,Parietal,GBM,No,Hamilton,,,,,,,,,,,,,,,,,,,,,,,,,
S23-63482,C23-168,,7236331,,,51,0,0,1,18-Dec-23,25-May-72,Frontal,GBM,No,Hamilton,,,,,,,,,,,,,,,,,,,,,,,,,
S23-63673,C23-170,,7231252,,,46,0,0,1,19-Dec-23,07-Mar-77,Thalamic,A/2,No,,No data,,,,,,,No data,No data,No data,No data,No data,,,,,,,,,,,,,
S23-64128,C23-172,,7237783,,,44,0,0,1,21-Dec-23,17-Apr-79,Frontal,EPE/3,Yes,Hamilton,,,,,,,,,,,,,,,,,,,,,,,,,
S23-64132,C23-173,,7237778,,,45,0,0,1,21-Dec-23,03-Nov-78,Occipital,GBM,Yes,Hamilton,,,,,,,,,,,,,,,,,,,,,,,,,
S23-64399,C23-174,,7238556,,,73,0,0,1,22-Dec-23,04-Jul-50,Frontal,GBM,No,Hamilton,,,,,,,,,,,,,,,,,,,,,,,,,
S23-64716,C23-175,,7239688,,,69,0,0,1,28-Dec-23,03-May-54,Parietal,GBM,No,Hamilton,,,,,,,,,,,,,,,,,,,,,,,,,
S24-1354,C24-003,,7243956,,,51,0,0,1,09-Jan-24,03-Oct-72,Parietal,GBM,No,Hamilton,,,,,,,,,,,,,,,,,,,,,,,,,
S24-2413,C24-004,,4946025,,,23,1,0,1,12-Jan-24,19-Apr-00,Temporal,A/2,No,Hamilton,,,,,,,,,,,,,,,,,,,,,,,,,
S24-2420 / S24-18637,C24-005,,7245734,,,52,0,0,1,12-Jan-24,05-May-71,Frontal,GBM,No,Hamilton/UHN,,,,,,,,,,,,,,,,,,,,,,,,,
S24-2903,C24-006,,4636921,M,,30,1,0,1,16-Jan-24,17-Mar-93,Frontal,GBM,No,,,,,,,,,,,,,,,,,,,,,,,,,,
S24-4451,C24-009,,7251141,,,28,1,0,1,24-Jan-24,22-May-95,Pineal,GBM,No,Hamilton,,,,,,,,,,,,,,,,,,,,,,,,,
S24-4479,C24-011,,7251131,,,64,0,0,1,24-Jan-24,20-Dec-59,4V,PA,No,Hamilton,,,,,,,,,,,,,,,,,,,,,,,,,
S24-4490,C24-012,,7251130,,,40,0,0,1,24-Jan-24,18-Oct-83,Frontal,A/2,No,Hamilton,,,,,,,,,,,,,,,,,,,,,,,,,
S24-4786,C24-013,,4713948,,,63,0,0,1,25-Jan-24,10-Aug-60,Frontal,GBM,No,Hamilton,,,,,,,,,,,,,,,,,,,,,,,,,
S24-4787,C24-014,,7251881,,,65,0,0,1,25-Jan-24,29-Jul-58,Temporal,GBM,No,Hamilton,,,,,,,,,,,,,,,,,,,,,,,,,
S24-4788,C24-015,,7251877,,,44,0,0,1,25-Jan-24,08-Sep-79,Temporal,PXA/3,No,Hamilton,,,,,,,,,,,,,,,,,,,,,,,,,
S24-5675,C24-016,,7254187,,,73,0,0,1,31-Jan-24,02-Feb-50,Frontal,GBM,No,Hamilton,,,,,,,,,,,,,,,,,,,,,,,,,
S24-5679,C24-017,,7254189,,,60,0,0,1,31-Jan-24,18-Nov-63,Temporal,GBM,No,Hamilton,,,,,,,,,,,,,,,,,,,,,,,,,
S24-6529,C24-018,,1164600,M,37,47,0,0,1,05-Feb-24,05-May-76,Frontal,O/3,Yes,,,,,,,,,,,,,,,,,,,,,,,,,,
S24-6995,C24-019,,7257336,,,62,0,0,1,07-Feb-24,23-Feb-61,Parietal,GBM,No,Hamilton,,,,,,,,,,,,,,,,,,,,,,,,,
S24-6997,C24-020,,7257341,,,71,0,0,1,07-Feb-24,13-Nov-52,Frontal,O/2,No,Hamilton,,,,,,,,,,,,,,,,,,,,,,,,,
S24-8091,C24-025,,3934651,,,59,0,0,1,13-Feb-24,28-Aug-64,Temporal,GBM,No,Hamilton,,,,,,,,,,,,,,,,,,,,,,,,,
S24-9093,C24-027,,7262111,,,40,0,0,1,20-Feb-24,20-Apr-83,Frontal,GBM,No,Hamilton,,,,,,,,,,,,,,,,,,,,,,,,,
S24-9774,C24-029,,7263865,,,64,0,0,1,23-Feb-24,03-Jun-59,Frontal,GBM,No,Hamilton,,,,,,,,,,,,,,,,,,,,,,,,,
S24-10711,C24-030,,7263872,,,58,0,0,1,28-Feb-24,24-Aug-65,Frontal,GBM,No,Hamilton,,,,,,,,,,,,,,,,,,,,,,,,,
S24-10715,C24-031,,7265993,,,54,0,0,1,28-Feb-24,10-May-69,Frontal,GBM,No,Hamilton,,,,,,,,,,,,,,,,,,,,,,,,,
S24-10716,C24-032,,7265994,,,22,1,0,1,28-Feb-24,03-May-01,Frontal,DNET,No,Hamilton,,,,,,,,,,,,,,,,,,,,,,,,,
S24-11095,C24-033,,7267039,,,64,0,0,1,01-Mar-24,18-May-59,Frontal,GBM,No,Hamilton,,,,,,,,,,,,,,,,,,,,,,,,,
S24-11719,C24-034,,7267535,M,,29,1,0,1,03-May-24,09-Dec-94,Frontal,GBM,No,,,,,,,,,,,,,,,,,,,,,,,,,,
S24-11682,C24-036,,7268541,,50,59,0,0,1,05-Mar-24,01-Jul-64,Frontal,A/2,Yes,Hamilton,,,,,,,,,,,,,,,,,,,,,,,,,
S24-13400,C24-038,,7272829,,23,25,1,0,1,14-Mar-24,22-Dec-98,Parietal,A/3,Yes,Hamilton,,,,,,,,,,,,,,,,,,,,,,,,,
S24-13401,C24-039,,4690500,F,,34,1,0,1,14-Mar-24,13-Nov-89,Temporal,O/2,No,,,,,,,,,,,,,,,,,,,,,,,,,,
S24-13596,C24-040,,7175295,F,,33,1,0,1,15-Mar-24,18-Aug-90,Occipital,A/3,No,,,,,,,,,,,,,,,,,,,,,,,,,,
S24-15302,C24-041,,7277363,,,79,0,0,1,25-Mar-24,30-May-44,Frontal,GBM,No,Hamilton,,,,,,,,,,,,,,,,,,,,,,,,,
S24-15303,C24-042,,7277369,,,56,0,0,1,25-Mar-24,25-Jul-67,Parietal,A/3,No,Hamilton,,,,,,,,,,,,,,,,,,,,,,,,,
S24-15304,C24-043,,7277372,,,73,0,0,1,25-Mar-24,09-Oct-50,Temporal,GBM,No,Hamilton,,,,,,,,,,,,,,,,,,,,,,,,,
S24-15660,C24-044,,3879460,F,,30,1,0,1,27-Mar-24,09-Mar-94,Temporal,A/2,No,,,,,,,,,,,,,,,,,,,,,,,,,,
S24-16051,C24-046,,7167145,F,,46,0,0,1,28-Mar-24,09-Jul-77,Temporal,A/2,No,,,,,,,,,,,,,,,,,,,,,,,,,,
S24-16759,C24-048,,7281090,,,69,0,0,1,04-Apr-24,01-Apr-55,Temporal,GBM,No,Hamilton,,,,,,,,,,,,,,,,,,,,,,,,,
S24-17352,C24-050,,7279562,M,,31,1,0,1,08-Apr-24,20-May-92,Occipital,A/2,No,,,,,,,,,,,,,,,,,,,,,,,,,,
S24-17391,C24-051,,7282841,,,87,0,0,1,08-Apr-24,10-Jul-36,Temporal,A/2,No,Hamilton,,,,,,,,,,,,,,,,,,,,,,,,,
S24-17403,C24-052,,7282853,,,46,0,0,1,08-Apr-24,02-Dec-77,Parietal,GBM,No,Hamilton,,,,,,,,,,,,,,,,,,,,,,,,,
S24-17833,C24-053,,1313954,F,41,57,0,0,1,10-Apr-24,30-Sep-66,Frontal,O/3,Yes,,,,,,,,,,,,,,,,,,,,,,,,,,
S24-18728,C24-056,,7267783,,,35,1,0,1,15-Apr-24,12-Jan-89,Frontal,O/2,No,Hamilton,,,,,,,,,,,,,,,,,,,,,,,,,
S24-21105,C24-058,,7275647,M,,37,1,0,1,22-Apr-24,20-Jan-87,Temporal ,O/3,Yes,,,,,,,,,,,,,,,,,,,,,,,,,,
S24-22075,C24-061,,7292534,,,53,0,0,1,29-Apr-24,29-Dec-70,Temporal ,GBM,No,Hamilton,,,,,,,,,,,,,,,,,,,,,,,,,
S24-22079,C24-062,,7292563,,,69,0,0,1,29-Apr-24,01-Dec-54,Temporal,GBM,No,Hamilton,,,,,,,,,,,,,,,,,,,,,,,,,
S24-22082,C24-063,,7292578,,,58,0,0,1,29-Apr-24,26-Aug-65,Frontal,GBM,No,Hamilton,,,,,,,,,,,,,,,,,,,,,,,,,
S24-22085,C24-064,,7292594,,,58,0,0,1,29-Apr-24,14-Jul-65,Frontal,GBM,No,Hamilton,,,,,,,,,,,,,,,,,,,,,,,,,
S24-22087,C24-065,,7292601,,,67,0,0,1,29-Apr-24,14-Dec-56,Parietal,GBM,No,Hamilton,,,,,,,,,,,,,,,,,,,,,,,,,
S24-22090,C24-066,,7292610,,,63,0,0,1,29-Apr-24,04-Jan-61,Frontal,A/2,Yes,Hamilton,,,,,,,,,,,,,,,,,,,,,,,,,
S24-22125,C24-067,,7292676,,,56,0,0,1,29-Apr-24,15-Mar-68,CBM,GBM,No,Hamilton,,,,,,,,,,,,,,,,,,,,,,,,,
S24-22407,C24-068,,7289013,M,,39,1,0,1,30-Apr-24,12-Feb-85,Parietal,GBM,No,,,,,,,,,,,,,,,,,,,,,,,,,,
S24-22488,C24-069,,7293944,,,67,0,0,0,01-May-24,21-Apr-57,SC,EPE/2,No,Hamilton,,,,,,,,,,,,,,,,,,,,,,,,,
S24-22685,C24-071,,7294647,,,56,0,0,1,02-May-24,03-Feb-68,Frontal,GBM,Yes,Hamilton,,,,,,,,,,,,,,,,,,,,,,,,,
S24-22690,C24-072,,7294664,,,64,0,0,1,02-May-24,15-Jul-59,Frontal,GBM,No,Hamilton,,,,,,,,,,,,,,,,,,,,,,,,,
S24-22697,C24-073,,7294711,,,63,0,0,1,02-May-24,05-Apr-61,Frontal,GBM,No,Hamilton,,,,,,,,,,,,,,,,,,,,,,,,,
S24-22959,C24-074,,7295484,,,42,0,0,1,03-May-24,21-Feb-82,Frontal,A/2,Yes,Hamilton,,,,,,,,,,,,,,,,,,,,,,,,,
S24-22961,C24-075,,7295502,,,37,1,0,1,03-May-24,10-Sep-86,Frontal,GBM,No,Hamilton,,,,,,,,,,,,,,,,,,,,,,,,,
S24-23609,C24-077,,7242562,F,,36,1,0,1,08-May-24,27-Sep-87,Temporal,A/2,No,,,,,,,,,,,,,,,,,,,,,,,,,,
S24-24449,C24-078,,3697960,F,46,62,0,0,1,14-May-24,22-Jan-62,Frontal,O/3,Yes,,,,,,,,,,,,,,,,,,,,,,,,,,
S24-24996,C24-079,,2774509,F,,61,0,0,1,17-May-24,10-May-63,Frontal,O/3,No,,,,,,,,,,,,,,,,,,,,,,,,,,
S24-25024,C24-080,,7302801,,,58,0,0,1,17-May-24,25-Nov-65,Frontal,GBM,Yes,Hamilton,,,,,,,,,,,,,,,,,,,,,,,,,
S24-25028,C24-081,,7302813,,,63,0,0,1,17-May-24,15-Sep-60,Frontal,GBM,No,Hamilton,,,,,,,,,,,,,,,,,,,,,,,,,
S24-25030,C24-082,,7302817,,,51,0,0,1,17-May-24,05-Feb-73,Temporal,GBM,No,Hamilton,,,,,,,,,,,,,,,,,,,,,,,,,
S24-25032,C24-083,,7297966,,,18,1,0,,17-May-24,24-Jul-05,Temporal,AB,No,Hamilton,,,,,,,,,,,,,,,,,,,,,,,,,
S24-25595,C24-084,,7271892,F,,39,1,0,1,22-May-24,19-Jul-84,Frontal,O/2,No,,,,,,,,,,,,,,,,,,,,,,,,,,
S24-25739,C24-085,,7277987,F,,36,1,0,1,23-May-24,30-Oct-87,Frontal,A/2,No,,,,,,,,,,,,,,,,,,,,,,,,,,
S24-26250,C24-087,,7307534,,,60,0,0,1,28-May-24,29-Sep-63,Temporal,GBM,No,Hamilton,,,,,,,,,,,,,,,,,,,,,,,,,
S24-26253,C24-088,,7307538,,,36,1,0,1,28-May-24,22-Mar-88,Frontal,GBM,No,Hamilton,,,,,,,,,,,,,,,,,,,,,,,,,
S24-26563,C24-089,,7308515,,,36,1,0,1,29-May-24,12-Feb-88,Parietal,GBM,No,Hamilton,,,,,,,,,,,,,,,,,,,,,,,,,
S24-26564,C24-090,,7308520,,,50,0,0,1,29-May-24,04-Apr-74,Frontal,GBM,No,Hamilton,,,,,,,,,,,,,,,,,,,,,,,,,
S26-26570,C24-091,,7308523,,,56,0,0,1,29-May-24,27-Dec-67,Frontal,GBM,No,Hamilton,,,,,,,,,,,,,,,,,,,,,,,,,
S24-27131,C24-092,,7310564,,,50,0,0,1,03-Jun-24,03-Nov-73,Temporal,GBM,No,Hamilton,,,,,,,,,,,,,,,,,,,,,,,,,
S24-27580,C24-093,,3049219,F,,53,0,0,0,05-Jun-24,25-Jun-70,SC,EPE/2,No,,,,,,,,,,,,,,,,,,,,,,,,,,
S24-28180,C24-095,,4490146,,18,35,1,0,1,10-Jun-24,14-Apr-89,Temporal,A/2,No,"Hamilton 17:SG2879 ""DNET""",,,,,,,,,,,,,,,,,,,,,,,,,
S24-28258,C24-096,,3237998,,,62,0,0,1,10-Jun-24,20-Oct-61,Frontal,GBM,Yes,Hamilton,,,,,,,,,,,,,,,,,,,,,,,,,
S24-28394,C24-099,,3907910,,,71,0,0,1,11-Jun-24,03-Jan-53,Temporal,GBM,No,Trillium,,,,,,,,,,,,,,,,,,,,,,,,,
S24-28642,C24-100,,7315395,,,65,0,0,1,12-Jun-24,20-Aug-58,Temporal,GBM,No,Hamilton,,,,,,,,,,,,,,,,,,,,,,,,,
S24-28645,C24-101,,7315405,,,65,0,0,1,12-Jun-24,15-Oct-58,Frontal,A/3,No,Hamilton,,,,,,,,,,,,,,,,,,,,,,,,,
S24-29095,C24-102,,7316893,,,48,0,0,1,14-Jun-24,14-Mar-76,Frontal,O/2,No,Hamilton,,,,,,,,,,,,,,,,,,,,,,,,,
S24-29098,C24-103,,7316903,,,72,0,0,1,14-Jun-24,08-Jun-52,Parietal,GBM,No,Hamilton,,,,,,,,,,,,,,,,,,,,,,,,,
S24-29101,C24-104,,7316920,,,72,0,0,1,14-Jun-24,05-Apr-52,Temporal,GBM,No,Hamilton,,,,,,,,,,,,,,,,,,,,,,,,,
S24-29567,C24-105,,7318350,,,39,1,0,1,18-Jun-24,20-Oct-84,Parietal,GBM,No,Hamilton,,,,,,,,,,,,,,,,,,,,,,,,,
S24-29580,C24-106,,7271907,M,,64,0,0,1,18-Jun-24,07-Mar-60,Frontal,O/2,No,,,,,,,,,,,,,,,,,,,,,,,,,,
S22-9661,,,,,,,,,,,,,,,,,,,,,,,,,,,,,,,,,,,,,,,,
S23-2118,C23-003,,_0696576,,20 (cl),68,0,1,0,16-Jan-23,30-Oct-54,Frontal,PA,No,,No data,,,,,,,No data,"ABNORMAL, MONOSOMY 9:  nuc ish(CDKN2A,D9Z1)x1[86/200]",No data,No data,NEGATIVE,,,,,,,,,,,,,
S23-2578,C23-005,,7010487,,,74,0,0,1,17-Jan-23,31-May-48,Frontal,GBM,No,,Negative,,,,,,,No data,No data,No data,No data,I-CDKN2A Copy number loss: 0.3,I-CDKN2B Copy number loss: 0.3,I-EGFR amplification Copy number gain: 35.3,II-CDK6 Copy number gain: 14.2,II-PIK3CA: p.Gln546Lys,III-EGFR: p.Cys591Tyr,,,,,,,,
S23-2872,C23-006,,4928756,,6,19,1,0,0,18-Jan-23,26-Apr-03,Cerebellar,PA,Yes,,No data,,,,,,,No data,No data,No data,No data,I- Fusion KIAA1549 Exon 16 - BRAF Exon 9,,,,,,,,,,,,,
S23-3418,C23-008,,7092260,,,65,0,0,1,20-Jan-23,25-Mar-57,Thalamic,GBM,No,,Inconclusive,,,,,,,No data,No data,No data,No data,II-CDK4 Amplification Copy number: 21.8,II-FGFR3: p.(Lys687Glu),II-MDM2 Amplification Copy number: 28.3,,,,,,,,,,,
S23-5791,C23-011,,2777656,,,71,0,0,1,02-Feb-23,21-May-51,Brainstem,GBM,No,,Negative,,,,,,,No data,No data,"nuc ish(EGFR,D7Z1)x3[19/60],(D10Z1x1~3,PTENx3)[71/200]/(D10Z1x2~4,PTENx4)[26/200]",,II-CDK4 Amplification Copy number: 15.3,II-PIK3CA: p.(Glu542Lys),III-TP53:p.(Gln165del),,,,,,,,,,,
S23-7103,C23-014,,7102968,,,46,0,0,1,09-Feb-23,27-May-76,Frontal,GBM,No,,Negative,,,,,,,No data,No data,No data,No data,I-TERTp: c.-124C>T ,II-CDK4 Amplification Copy number: 9.8,II-MDM2 Amplification Copy number: 38.5,,,,,,,,,,,
S23-8529,C23-016,,7040425,,12,25,1,0,1,16-Feb-23,24-Oct-97,Frontal,A/2,No,,Negative,,,,,,,No data,NEGATIVE,No data,No data,I-IDH1:p.Arg132His,II-TP53: p.Glu56Lysfs*67,II-TP53: p.Val217Gly,,,,,,,,,,,
S23-8658,C23-017,,7073529,,,32,1,0,1,17-Feb-23,17-Jan-91,Parietal,GBM,No,,No data,,,,,,,No data,"DELETION HOMO: nuc ish(CDKN2Ax1,D9Z1x2~3)[74/200]/(CDKN2Ax0,D9Z1x2)[30/200]/(CDKN2Ax0,D9Z1x1)[11/200]/ (CDKN2Ax0,D9Z1x3)[7/200]",No data,No data,I-IDH1:p.Arg132His,II-TP53: p.Glu56Lysfs*67,II-TP53: p.Val217Gly,,,,,,,,,,,
S23-9293,C23-018,,7030599,,,48,0,0,1,21-Feb-23,06-Jan-75,Frontal,GBM,No,,Negative,,,,,,,No data,No data,No data,No data,I-TERTp: c.-124C>T ,,,,,,,,,,,,,
S23-9977,C23-019,,4863979,,,69,0,0,1,24-Feb-23,11-Jun-53,Thalamic,A/2,No,,Negative,,,,,,,No data,No data,No data,No data,I-TERTp: c.-124C>T ,I-PTEN: p.Arg130Thrfs*50,,,,,,,,,,,,
S23-11401,C23-022,,3669762,,45,61,0,0,1,03-Mar-23,29-Oct-61,Frontal,O/3,Yes,,Positive,,,,,,,No data,No data,No data,No data,I-TERTp: c.-124C>T ,I-IDH1:p.Arg132His,II-CDKN2A: p.His83Tyr,II-TP53: p.Gly266Arg,III-FRGFR1: p.Gly368Glu,III- MSH6: p.Asp439Asn,III- SMARCB1: p.Lys364del,,,,,,,
S23-11659,C23-023,,7116300,,,58,0,0,1,06-Mar-23,20-Apr-64,Frontal,A/2,No,,No data,,,,,,,No data,No data,No data,No data,I-TERTp: c.-124C>T ,II-EGFR: p.Ala289Thr,,,,,,,,,,,,
S23-15866,C23-028,,7124879,,,60,0,0,1,29-Mar-23,09-Feb-63,Parietal,GBM,No,,No data,,,,,,,No data,No data,No data,No data,I-Fusion EGFR Exon 1 -  EGFR Exon 8,I-EGFR Amplification Copy number: 68.5,I-PTEN: c.209+1G>A p.(?),II-TERT Amplification Copy number: 12.9,II-TP53: p.Arg174_Pro177delinsGly,,,,,,,,,
S23-17037,C23-030,,4737963,,,62,0,0,1,05-Apr-23,07-Oct-60,Frontal,GBM,No,,Positive,,,,,,,No data,No data,No data,No data,I-PTEN: p.(Cys136_Ala137del),II- CDKN2A: p.(Pro81Leu),II- TP53: c.782+1G>A p.(?),,,,,,,,,,,
S23-18455,C23-034,,4918796,,,26,1,0,0,16-Apr-23,14-Mar-97,Cerebellar,PA,No,,No data,,,,,,,No data,No data,No data,No data,NEGATIVE,,,,,,,,,,,,,
S23-22137,C23-045,,7138664,,,41,0,0,1,04-May-23,03-Mar-82,Temporal,GBM,No,,Negative,,,,,,,No data,"ABNORMAL, NO DELETION: nuc ish(CDKN2Ax1,D9Z1x2)[42/200]/(CDKN2Ax2,D9Z1x3)[28/200]/(CDKN2Ax1,D9Z1x3)[14/200]",No data,No data,I-ATRX: p.(Tyr341*),II-PDGFRA Amplification Copy number: 13.0,II-TP53: p.(Ala161Asp),,,,,,,,,,,
S23-24147,C23-050,,2809170,,42,65,0,0,1,16-May-23,11-Oct-57,Frontal,O/3,Yes,,Positive,,,,,,,"ABNORMAL: NO CO-DELETION: nuc ish(TP73x0~2,ABL2x3)[72/200]/(TP73x1~2,ABL2x4)[35/200],(ZNF443x3,GLTSCR1x1~2)[56/200]/(ZNF443x4,GLTSCR1x1~2)[46/200]",,,,IAB-TERTp: c.-124C>T ,IAB-IDH1:p.Arg132His,IIB: PTEN: p.(Gly129Glu),IIAB-MSH6: p.(Glu992Gly),IIIA-MET: p.(Pro239Ser),IIIA-PMS2: p.(Asp502Asn),IIIB-MSH6: p.(Pro408Ser),IIIB-MSH6: p.(Glu992Gly),IIIB-POLE: p.(Asp89Asn),IIIB-POLE: p.(Val1609Met),,,,
S23-24650,C23-054,,4805179,,19 (cl),35,1,1,1,18-May-23,01-Jan-88,Temporal,LGG/A,No,,Negative,,,,,,,No data,NEGATIVE,No data,No data,NEGATIVE,,,,,,,,,,,,,
S23-25231,C23-056,,4064076,,34,45,0,0,1,23-May-23,04-Apr-78,Parietal,GBM,Yes,,Positive,,,,,,,,"DELETION HOMO: nuc ish(CDKN2Ax0,D9Z1x2)[63/200]/(CDKN2Ax0,D9Z1x3)[44/200]/(CDKN2Ax0,D9Z1x4)[28/200]/  (CDKN2Ax0,D9Z1x1)[17/200]/(CDKN2Ax0,D9Z1x5)[11/200]",,,I-CDKN2A Copy number loss: 0.1,I-CDKN2B Copy number loss: 0.1,I-IDH1:p.Arg132His,I-MSH6: p.(Lys1358Aspfs*2),I-PTEN: c.209+2T>C p.(?),II-FGFR3: p.(Ala391Val),II-MLH1: c.676C>T p.(?),II-PDGFRA Amplification Copy number: 22.2,II-PIK3CA: p.(His1047Arg),II-TP53: p.(Arg273Cys),III-PTEN: p.(Ala126Thr),III-MET:  p.(Gly1137Arg),,
S23-25394,C23-057,,7145082,,,43,0,0,0,24-May-23,17-Nov-79,Frontal,AB,No,,No data,,,,,,,No data,No data,No data,No data,III-ATRX:  p.(Ser1980Pro),III-RB1: p.(Met300Thr),III-TERT: p.(Thr292Met),,,,,,,,,,,
S23-29861,C23-063,,4791200,,,29,1,0,1,15-Jun-23,26-Oct-93,Parietal,A/3,No,,Positive,,,,,,,No data,"ABNORMAL, MONOSOMY 9: nuc ish(CDKN2A,D9Z1)x1[79//200]",,,I-ATRX: p.(Arg2111*) ,I-IDH1:p.Arg132His,II-TP53: p.(Val157Phe),,,,,,,,,,,
S23-31231,C23-066,,7160356,,,49,0,0,1,22-Jun-23,18-Jun-74,Frontal,GBM,No,,Positive,,,,,,,No data,No data,No data,No data,I-TERTp: c.-124C>T ,I-PTEN: p.(Thr319*),II-CDK4 amp,II-TP53: p.Arg248Trp,II-TP53: c.75-2A>G p.(?),,,,,,,,,
S23-31478,C23-067,,7161463,,,62,0,0,1,23-Jun-23,11-Nov-60,Frontal,GBM,No,,Positive,,,,,,,No data,No data,No data,No data,I-Fusion EGFR Exon 1 -  EGFR Exon 8,I-CDKN2A Copy number loss: 0.3,I-CDKN2B Copy number loss: 0.3,I-EGFR amplification Copy number gain: 22.8,II-TP53: p.(Trp146*),,,,,,,,,
S23-31737,C23-068,,7159958,,,54,0,0,1,26-Jun-23,13-Apr-69,Frontal,GBM,No,,Positive,,,,,,,No data,No data,No data,No data,I-TERTp: c.-124C>T ,II-Fusion FGFR3 Exon 17 - TACC3 Exon 11,II-NF1: c.1198C>T p.(Gln400*),II-PTEN:c.195C>G p.(Tyr65*),II:PTPN11:c.188A>G p.(Tyr63Cys),,,,,,,,,
S23-37944,C23-083,,3000946,,24,44,0,0,1,28-Jul-23,16-Sep-78,Frontal,GBM,Yes,,Positive,,,,,,,No data,No data,No data,No data,I-IDH1:p.Arg132His,II-MSH2: c.1511-1G>A p.(?),II-TP53: c.818G>A p.(Arg273His),III-MDM2: c.500G>A p.(Arg167Lys),III-NF1: c.757G>A p.(Val253Met),III-RB1: c.1934C>T p.(Thr645Ile),,,,,,,,
S23-2366 / S24-5802,C23-004,,2210524,,33,53,0,0,1,17-Jan-23,07-Dec-69,Frontal,GBM,Yes,Oncomine update,Positive,,,,,,,No data,No data,No data,No data,I-IDH1:p.Arg132His,I-MLH1: p.(Ser184*),I-CDKN2A Copy number loss: 0.3,II-TP53: p.(Arg273Cys),III-PMS2:  p.(Ile590Thr),III-TERT: p.(Gly300Asp),,,,,,,III-POLE: p.(Ser554Asn) ,
S23-16969,C23-029,,3763791,,50,65,0,0,1,04-Apr-23,07-Feb-58,Frontal,GBM,No,,Positive,,,,,,,No data,No data,"EGFR amp: nuc ish(EGFR amp,D7Z1x3~6)[60],(D10Z1,PTEN)x2[200]",NORMAL,I-Fusion EGFR Exon 1 -  EGFR Exon 8,I-CDKN2A Copy number loss: 0.2,I-CDKN2B Copy number loss: 0.2,I-ATRX: p.(Val1430*),I-EGFR Amplification Copy number: 68.5,I-IDH1:p.Arg132His,II-TP53: p.(Arg175His),II-PIK3CA: p.(Glu542Val),,,,,,
S23-18270 / S23-63799,C23-033,,7130657,,,45,0,0,1,14-Apr-23,03-Nov-77,Temporal,GBM,No,,Negative,,,,,,,No data,No data,No data,No data,I-CDKN2A Copy number loss: 0.3,I-CDKN2B Copy number loss: 0.4,I-TERTp: c.-124C>T ,II-EGFR: p.(Gly598Val),II-EGFR: p.(Ala289Val),II-MDM4 Amplification Copy number: 37.4,,,,,,,,
S23-19384,C23-035,,7130052,,,41,0,0,1,20-Apr-23,07-Jul-81,Temporal,A/3,No,,Indeterminate,,,,,,,No data,No data,No data,"DELETION: nuc ish(EGFR,D7Z1)x2[60],(D10Z1,PTEN)x1[146/200]",I- Fusion FGFR1 Exon 17 -  TACC1 Exon 10,,,,,,,,,,,,,
S23-19815,C23-038,,7135357,,,58,0,0,1,24-Apr-23,22-Dec-64,Temporal,GBM,No,,Negative,,,,,,,No data,"DELETION HOMO: nuc ish(CDKN2Ax0,D9Z1x1)[28/200]/(CDKN2Ax0,D9Z1x2)[23/200]/(CDKN2Ax0,D9Z1x3)[5/200]",No data,No data,II-FGFR1: p.(Lys687Glu),,,,,,,,,,,,,
S23-20181,C23-039,,4094480,,,53,0,0,1,25-Apr-23,21-Jun-69,Frontal,GBM,No,,Negative,,,,,,,No data,No data,No data,No data,I-TERTp: c.-124C>T ,II- CDK4 Amplification Copy number: 19.1,,,,,,,,,,,,
S23-20523,C23-040,,7134541,,,47,0,0,1,26-Apr-23,27-May-75,Frontal,GBM,No,,Positive,,,,,,,No data,No data,No data,No data,I-PTEN: c.209+1G>C p.(?),I-TERTp: c.-124C>T ,II-CDK4 Amplification Copy number: 61.5,II-MDM2 Amplification Copy number: 102.6,III-MET: p.(Arg988Cys),,,,,,,,,
S23-20741,C23-041,,7131159,,,47,0,0,1,27-Apr-23,01-Apr-76,Temporal,GBM,Yes,,No data,,,,,,,No data,No data,No data,No data,I-TERTp: c.-124C>T ,I-Fusion EGFR Exon 1 -  EGFR Exon 8,I-CDKN2A Copy number loss: 0.2,I-CDKN2B Copy number loss: 0.2,I-EGFR Amplification Copy number: 92.0,II-CDK6 Amplification Copy number: 5.0,II-MDM4 Amplification Copy number: 25.6,,,,,,,
S23-21118,C23-042,W,7136349,,,44,0,0,1,01-May-23,02-Feb-79,Frontal,GBM,No,,Negative,,,,,,,No data,No data,No data,No data,I-Fusion EGFR Exon 1 -  EGFR Exon 8,II-PTEN: p.(Tyr65Ter),II-FGFR3: p.(Gly380Arg) ,,,,,,,,,,,
S23-24047,C23-049,,4291310,,,41,0,0,1,16-May-23,21-May-81,Parietal,GBM,No,,Negative,,,,,,,No data,No data,No data,No data,I-PTEN: p.(Gly36Arg),I-Fusion EGFR Exon 1 -  EGFR Exon 8,I-TERTp: c.-124C>T ,I-CDKN2A Copy number loss: 0.3,I-CDKN2B Copy number loss: 0.2,,,,,,,,,
S23-24383,C23-053,,3931735,,,37,1,0,1,17-May-23,28-Jan-86,Temporal,GBM,No,,Positive,,,,,,,No data,No data,No data,No data,I-EGFR Amplification Copy number: 257.7,I-TERTp: c.-124C>T ,II-NF1: p.(Glu1458Lysfs*11),,,,,,,,,,,
S23-29891,C23-064,,7092234,,,39,1,0,1,15-Jun-23,23-Oct-83,Temporal,GBM,No,,Negative,,,,,,,No data,No data,No data,No data,I-H3F3A: p.(Lys28Met),,,,,,,,,,,,,
S23-30233,C23-065,,7157326,,,69,0,0,1,17-Jun-23,22-Jul-53,Temporal,A/3,No,,Negative,,,,,,,No data,No data,No data,No data,I-EGFR Amplification Copy number: 40.8,I-TERTp: c.-124C>T ,II-CDK4 Amplification Copy number: 76.7,II-MDM2 Amplification Copy number: 86.0,II-PTEN: p.(Met134Ile),II-PTPN11: p.(Gly60Val),,,,,,,,
S23-35364,C23-072,,7161340,,,45,0,0,1,16-Jul-23,03-Aug-77,Frontal,GBM,No,,Inconclusive,,,,,,,No data,No data,No data,No data,I-TERTp: c.-124C>T ,I-Fusion EGFR Exon 1 -  EGFR Exon 8,,,,,,,,,,,,
S23-35398,C23-073,,7170042,,,49,0,0,1,17-Jul-23,02-Jun-74,Frontal,GBM,No,,Positive,,,,,,,No data,No data,No data,No data,I-Fusion EGFR Exon 1 -  EGFR Exon 8,I-CDKN2A Copy number loss: 0.3,I-CDKN2B Copy number loss: 0.3,II-TP53:  p.(Arg282Trp),III-MSH6: p.(Leu147Arg),,,,,,,,,
S23-35840,C23-074,,4559425,,,35,1,0,1,18-Jul-23,18-May-88,Temporal,GBM,No,,Positive,,,,,,,No data,No data,No data,No data,II-CDK4 Amplification Copy number: 63.6,II-MDM2 Amplification Copy number: 64.6,II-PDGFRA Amplification Copy number: 65.8,III-MSH6: p.(Phe1103Ile),,,,,,,,,,
S23-37269,C23-079,,4518621,,37,42,0,0,1,26-Jul-23,09-Feb-81,Frontal,GBM,Yes,,,,,,,,,No data,No data,No data,No data,I-ATRX: c.371-1G>A p.(?),I-PTEN:  c.253+1G>A p.(?),II-MSH6: p.(Thr1219Ile),II-PDGFRA: p.(Pro577Ser),II-TP53: c.375G>A p.(?),III-MDM2: p.(Glu346Lys),III-MSH6: p.(Pro389Ser),III-NTRK1: p.(Gly219Arg) ,III-NTRK3: p.(Gly504Ser),III-POLE: p.(Gln1243*),,,,
S23-37561,C23-082,,7172105,,,57,0,0,1,27-Jul-23,22-Aug-65,Temporal,GBM,No,,Negative,,,,,,,No data,No data,No data,No data,I-EGFR Amplification Copy number: 43.8,I-Fusion EGFR Exon 1 -  EGFR Exon 8,I-TERTp: c.-124C>T ,,,,,,,,,,,
S23-38023,C23-084,,7176921,,,32,1,0,0,31-Jul-23,24-Jun-91,Cerebellar,RGNT,No,,Inconclusive,,,,,,,No data,"ABNORMAL, MONOSOMY 9: nuc ish(CDKN2A,D9Z1)x1[70/200]",No data,No data,II-PIK3CA: p.(Arg88Gln),II-FGFR1: p.(Asn577Lys),,,,,,,,,,,,
S23-40968,C23-088,,7175822,,,61,0,0,1,17-Aug-23,30-Jan-62,Temporal,A/2,No,,No data,,,,,,,No data,No data,No data,No data,I-TERTp: c.-124C>T ,II-MET: p.(Asp1246His),II-PIK3CA: p.(His1047Leu),III-HIFN1A: p.(Arg114His),,,,,,,,,,
S23-42873,C23-093,,2502652,,,49,0,1,1,29-Aug-23,19-Apr-74,Temporal,LGG/A,No,,No data,,,,,,,No data,"ABNORMAL, MONOSOMY 9: nuc ish(CDKN2A,D9Z1)x1[77/200]",No data,No data,I-BRAF: p.(Val600Glu),,,,,,,,,,,,,
S23-44193,C23-098,,7154190,,,21,1,0,1,07-Sep-23,27-May-02,Frontal,A/3,No,,Positive,,,,,,,No data,NEGATIVE,No data,No data,I-IDH1:p.Arg132His,II-TP53:  p.(Arg248Gln),,,,,,,,,,,,
S23-44475,C23-099,,4429140,,,57,0,0,1,08-Sep-23,17-Feb-66,Temporal,GBM,No,,Negative,,,,,,,No data,No data,No data,No data,I-TERTp: c.-124C>T ,I-CDKN2B Deletion Copy number: 0.3,II-EGFR:  p.(Leu861Arg),III-NF1: p.(Cys1016Phe),,,,,,,,,,
S23-48429,C23-114,,4646479,,40,50,0,0,1,29-Sep-23,29-Aug-73,Frontal,O/3,Yes,,Positive,,,,,,,"CO-DELETION, WITH ABNORMAL PATTERNS: nuc ish(TP73x1,ABL2x2)[51/200]/(TP73x1,ABL2x3~4)[37/200]/(TP73x2,ABL2x3~4[68/200],(ZNF443x2,GLTSCR1x1)[45/200]/(ZNF443x3,GLTSCR1x1)[19/200]/(ZNF443x3~4,GLTSCR1x2)[77/200]",No data,No data,No data,I-IDH2: p.(Arg172Lys),,,,,,,,,,,,,
S23-50394,C23-121,,4452993,,50,56,0,0,1,11-Oct-23,02-Mar-67,Frontal,GBM,Yes,,No data,,,,,,,No data,No data,No data,No data,I-TERTp: c.-124C>T ,III-EGFR: p.(Gly598Val),,,,,,,,,,,,
S23-50606,C23-122,,7203923,,,71,0,0,1,12-Oct-23,24-May-52,Temporal,GBM,No,,Positive,,,,,,,No data,No data,No data,No data,I-EGFR Amplification Copy number: 4.9,I-CDKN2A Copy number loss: 0.2,,,,,,,,,,,,
S23-51685,C23-127,,4957274,,10 (cl),19,1,0,0,18-Oct-23,31-Oct-03,Cerebellar,PA,Yes,,No data,,,,,,,No data,NEGATIVE,No data,No data,II-NF1: p.(Phe1031Trpfs*7),,,,,,,,,,,,,
S23-51941,C23-128,,4949074,,,29,1,1,1,19-Oct-23,18-Nov-93,Temporal,DNET,No,,No data,,,,,,,No data,No data,No data,No data,II-FGFR3: p.(Lys687Asp),III-PMS2: p.(Gly528Ser),,,,,,,,,,,,
S23-51968,C23-129,,7203313,,,52,0,0,1,19-Oct-23,21-Oct-70,Occipital,GBM,No,,Positive,,,,,,,No data,No data,No data,No data,II-CDK4 Amplification Copy number: 21.4,II-PDGFRA Amplification Copy number: 26.3,II-TP53: p.(Met237Val),,,,,,,,,,,
S23-52744,C23-131,,7210273,,,52,0,0,1,24-Oct-23,25-Nov-70,Frontal,GBM,No,,Negative,,,,,,,No data,No data,No data,No data,I-Fusion EGFR Exon 1 -  EGFR Exon 8,I-CDKN2A Copy number loss: 0.1,I-CDKN2B Copy number loss: 0.1,I-EGFR Amplification Copy number: 43.6,I-TERTp: c.-124C>T ,II-EGFR:  p.(Gly719Asp),II-EGFR: p.(Ala289Val),II-PTEN: p.(Ala34Gly),,,,,,
S23-56661,C23-140,,7212064,,33,34,1,0,1,15-Nov-23,12-Sep-89,Frontal,GBM,Yes,,Positive,,,,,,,No data,No data,No data,No data,I-CDKN2A Copy number loss: 0.2,I-CDKN2B Copy number loss: 0.3,I-IDH1:p.Arg132His,II-PDGFRA Amplification Copy number: 5.6,II-TP53: p.(Gln317*),II-TP53: p.(Val157Gly),,,,,,,,
S23-58062,C23-147,,2521920,,,62,0,0,1,22-Nov-23,28-Jun-61,Temporal,A/2,No,,Negative,,,,,,,No data,No data,"ABNORMAL NO EGFR AMP: nuc ish(EGFR,D7Z1)x3[26/120],(D10Z1,PTEN)x1[89/200]",PTEN DEL,I-TERTp: c.-124C>T ,II-PDGFRA Amplification Copy number: 9.9,II-PTEN:  p.(Lys237*),,,,,,,,,,,
S23-60779,C23-155,,4127178,,24,34,1,0,0,05-Dec-23,28-Jul-89,Cerebellar,RGNT,Yes,,No data,,,,,,,No data,NEGATIVE,No data,No data,II-FGFR1: p.(Asn577Ser),II-FGFR1: p.(Lys687Glu),,,,,,,,,,,,
S23-61565,C23-159,,7231108,,,35,1,0,0,08-Dec-23,28-Apr-88,Frontal,EVN,No,,Negative,,,,,,,No data,No data,No data,No data,I- Fusion FGFR1 Exon 17 -  TACC1 Exon 7,,,,,,,,,,,,,
S23-63574,C23-169,,7235770,,,58,0,0,1,19-Dec-23,26-Nov-65,Frontal,GBM,No,,Positive,,,,,,,No data,No data,"EGFR amp: nuc ish(EGFRx15~20,D7Z1x2~3)[60],(D10Z1,PTEN)x1[149/200]",PTEN DEL,I-Fusion EGFR Exon 1 -  EGFR Exon 8,,III-PIK3CA: p.(Arg4*),,,,,,,,,,,
S23-63881,C23-171,,7231643,,,43,0,0,1,20-Dec-23,13-Jun-80,Frontal,GBM,No,,Positive,,,,,,,No data,No data,No data,No data,I-IDH1:p.Arg132His,II-TP53:p.(Thr155Ile),III-ATRX: p.(Arg2178Gln),III-KRAS: p.(Glu63del),,,,,,,,,,
S24-477,C24-001,,7212381,M,,77,0,0,1,04-Jan-24,11-Nov-46,Temporal,GBM,No,,Positive,,,,,,,No data,"ABNORMAL, MONOSOMY 9:nuc ish(CDKN2A,D9Z1)x1[85/200]",No data,No data,I-ATRX: p.(Lys1166Glufs*8),I-BRAF: p.(Val600Glu),,,,,,,,,,,,
S24-519,C24-002,,7239504,F,,49,0,0,1,04-Jan-24,01-Jun-74,Temporal,GBM,No,,Positive,,,,,,,,,,,I-ATRX: p.(Gln1224*),II-NF1: p.(Gln2263*),II-TP53: c.920-1G>A p.(?),"III-ATRX x1, BRAFx1,  MLH1x1, MSH6x1, NF1x3, NTRK2x1, POLEx1, PIK3CA1x1, PTPN11x1, RB1x1, SMARCB1x3, TP53x1",,,,,,,,,,
S24-3119,C24-007,,7201917,M,,24,1,0,1,17-Jan-24,17-Nov-99,Frontal,LGG/O,No,,No data,,,,,,,No data,"DELETION HOMO: nuc ish(CDKN2Ax0,D9Z1x1)[104/200]/(CDKN2Ax0,D9Z1x2)[15/200]",No data,No data,I-BRAF: c.1799T>A p.(Val600Glu),,,,,,,,,,,,,
S24-4186,C24-008,,7132964,M,,79,0,0,0,23-Jan-24,26-Nov-44,4V,EPE/2,No,,,,,,,,,No data,No data,No data,No data,I-TERTp: c.-124C>T ,,,,,,,,,,,,,
S24-4471,C24-010,,7227399,M,,79,0,0,1,24-Jan-24,02-Jul-44,Parietal,GBM,No,,Positive,,,,,,,No data,No data,No data,No data,I-EGFR Amplification Copy number: 9.6,I-TERTp: c.-124C>T ,II-CDK6 Amplification Copy number: 6.8,II-TP53: p.(Arg110Leu),II-TP53: c.559+4A>T p.(?),,,,,,,,,
S24-7272,C24-021,,7253033,F,,28,1,0,1,08-Feb-24,16-Jul-95,Frontal,O/3,No,,Negative,,,,,,,"CO-DELETION WITH ABNORMAL PATTERNS: nuc ish(TP73x1,ABL2x2)[86/200]/(TP73,ABL2)x1[67/200],(ZNF443x2,GLTSCR1x1)[110/200]/(ZNF443,GLTSCR1)x1[67/200]    ",No data,No data,No data,I-TERTp: c.-124C>T ,I-IDH1:p.Arg132His,II-KRAS: p.(Gly12Ala),,,,,,,,,,,
S24-7624,C24-022,,2049741,M,,54,0,0,1,11-Feb-24,22-Apr-69,Frontal,GBM,No,,Negative,,,,,,,No data,No data,No data,No data,I-TERTp: c.-124C>T ,I-MLH1: p.(Ala681Thr),,,,,,,,,,,,
S24-7939 / S24-24215,C24-023,,4468539,M,,34,1,0,0,12-Feb-24,31-Dec-89,Cerebellar,PA,No,,No data,,,,,,,No data,No data,No data,No data,II-PIK3CA: p.(His1047Arg),II-FGFR1: p.(Lys687Glu),,,,,,,,,,,,
S24-8059,C24-024,,7172644,F,,24,1,0,1,13-Feb-24,17-Jun-99,Occipital,LGG/O,No,,No data,,,,,,,No data,No data,No data,No data,I-TERTp: c.-124C>T ,,,,,,,,,,,,,
S24-9086/S24-9203,C24-026,,7258691,M,,26,1,0,1,20-Feb-24,14-Jan-98,Cerebellar,A/3,No,,Negative,,,,,,,No data,No data,No data,No data,I-H3F3A: p.(Lys28Met),II-TP53: p.(Arg248Gln),II-TP53: p.(Leu257Val),,,,,,,,,,,
S24-9139,C24-028,,7152777,F,,34,1,1,1,20-Feb-24,15-Jun-89,Temporal,GG,No,,No data,,,,,,,No data,NEGATIVE,No data,No data,I-Fusion KIAA1549 Exon 9 -BRAF Exon 9,,,,,,,,,,,,,
S24-11743,C24-035,,2700092,F,,49,0,0,1,03-May-24,23-Jul-74,Temporal,A/3,No,,Positive,,,,,,,No data,No data,No data,No data,I-TERTp: c.-124C>T ,I-Fusion EGFR Exon 1 -  EGFR Exon 8,I-EGFR Amplification Copy number: 54.6,II-CDK4 Amplification Copy number: 27.7,II-MDM2 Amplification Copy number: 57.5,II-EGFR: p.(Ala289Val),,,,,,,,
S24-13382,C24-037,,2980267,F,,37,1,0,1,14-Mar-24,19-Jun-86,Thalamic,A/2,No,,No data,,,,,,,No data,No data,No data,No data,I-H3F3A: p.(Lys28Met),II-NF1: p.(Gln963Ter),III-NF1: p.(Leu529Arg),,,,,,,,,,,
S24-15802,C24-045,,7168519,M,63,67,0,0,1,27-Mar-24,05-Jul-56,Temporal,GBM,Yes,,No data,,,,,,,No data,No data,No data,No data,I- Fusion EGFR Exon 1 :: EGFR Exon 8,I-TERTp: c.-124C>T ,I-TERTp: c.-146C>T ,II-BRAF: p.(Gly464Glu),II-EGFR: p.(Ala289Val),II-EGFR Amplification Copy number: 12.5,II-KRAS: p.(Thr50Ile),II-MDM4 Amplification Copy number: 14.9,,II-MSH6:c.3172+1G>A p.(?),II-MSH6: p.(Thr1219Ile),III-MSH6:  p.(Gly1069Glu),,
S24-16252,C24-047,,1014901,F,,63,0,0,1,02-Apr-24,04-Aug-60,Thalamic,GBM,No,,Inconclusive,,,,,,,No data,No data,No data,No data,I-EGFR Amplification Copy number: 6.4,I-CDKN2A Copy number loss: 0.2,I-CDKN2B Copy number loss: 0.2,II-EGFR: p.(Ala289Val) ,II-PIK3CA: p.(Glu542Lys),II-TP53:  p.(His179Tyr),II-TP53:p.(Ser241Phe),III-ATRX: p.(Asn2140Ser),,,,,,
S24-16984,C24-049,,2424552,M,,52,0,1,1,05-Apr-24,02-Dec-71,Temporal,LGG/A,No,,No data,,,,,,,No data,NEGATIVE,No data,No data,I-BRAF: c.1799T>A p.(Val600Glu),,,,,,,,,,,,,
S24-18485,C24-054,,7271251,F,,34,1,0,1,12-Apr-24,02-Dec-89,Temporal,A/3,No,,Positive,,,,,,,No data,"LOW DELETION HOMO: nuc ish(CDKN2Ax0,D9Z1x1)[12/200]/(CDKN2Ax0,D9Z1x2)[12/200]/(CDKN2A,D9Z1)x3~4[68/200]",No data,No data,I-ATRX: p.(Leu413Lysfs*20),I-IDH1: p.(Arg132Ser),II-TP53: p.(Arg273Cys),,,,,,,,,,,
S24-18543,C24-055,,7284512,F,21,22,1,0,1,14-Apr-24,10-Jan-02,CBM,GBM,Yes,,Inconclusive,,,,,,,No data,"DELETION HOMO: nuc ish(CDKN2Ax0,D9Z1x1)[77/200]/(CDKN2Ax0,D9Z1x2)[87/200]/(CDKN2Ax0,D9Z1x3)[15/200]",No data,No data,NEGATIVE,,,,,,,,,,,,,
S24-18856,C24-057,,7099248,M,,33,1,0,1,15-Apr-24,07-Apr-91,Frontal,GBM,No,,Inconclusive,,,,,,,No data,No data,No data,No data,I-PTEN: p.(Thr319*),II-MSH2: p.(Leu270Pro),NF1: p.(Arg1968*),II-TP53: p.(Arg248Trp),II-TP53: p.(Arg273His),III-ATRX: p.(Arg2079Gln),III-MSH6: p.(Phe1103Ile),,,,,,,
S24-21333,C24-059,,7285469,F,,54,0,0,1,23-Apr-24,06-Nov-69,Temporal,GBM,No,,,,,,,,,,,,,,,,,,,,,,,,,,
S24-21529,C24-060,,7279081,M,,23,1,0,0,24-Apr-24,05-May-00,CBM,PA,No,,,,,,,,,,,,,,,,,,,,,,,,,,
S24-22558,C24-070,,2014419,M,,59,0,0,1,01-May-24,04-Feb-65,Thalamic,GBM,No,,,,,,,,,,,,,,,,,,,,,,,,,,
S24-23494,C24-076,,3122432,M,,50,0,0,1,08-May-24,13-Aug-73,Parietal,GBM,No,,,,,,,,,,,,,,,,,,,,,,,,,,
S24-26012,C24-086,,7306242,M,,54,0,0,1,26-May-24,17-Sep-69,Occipital,GBM,No,,,,,,,,,,,,,,,,,,,,,,,,,,
S24-27768,C24-094,,4603544,M,36,41,0,0,1,06-Jun-24,06-Nov-82,Frontal,GBM,Yes,,,,,,,,,,,,,,,,,,,,,,,,,,
S24-28297,C24-097,,7310042,F,,75,0,0,1,10-Jun-24,31-Dec-48,Temporal,GBM,No,,,,,,,,,,,,,,,,,,,,,,,,,,
S24-28301,C24-098,,7294980,M,,65,0,0,1,10-Jun-24,05-Jun-59,Frontal,A/2,Yes,,,,,,,,,,,,,,,,,,,,,,,,,,
,,,,,,,,,,,,,,,,,,,,,,,,,,,,,,,,,,,,,,,,
S22-7192,,,,,,,,,,,,,,,,,,,,,,,,,,,,,,,,,,,,,,,,
S22-2052,,,,,,,,,,,,,,,,,,,,,,,,,,,,,,,,,,,,,,,,
S22-9974,,,,,,,,,,,,,,,,,,,,,,,,,,,,,,,,,,,,,,,,
S22-307,,,,,,,,,,,,,,,,,,,,,,,,,,,,,,,,,,,,,,,,
S22-8756,,,,,,,,,,,,,,,,,,,,,,,,,,,,,,,,,,,,,,,,
S22-5095,,,,,,,,,,,,,,,,,,,,,,,,,,,,,,,,,,,,,,,,
S22-8722,,,,,,,,,,,,,,,,,,,,,,,,,,,,,,,,,,,,,,,,
S22-12691,,,,,,,,,,,,,,,,,,,,,,,,,,,,,,,,,,,,,,,,
S22-11953,,,,,,,,,,,,,,,,,,,,,,,,,,,,,,,,,,,,,,,,
S22-12754,,,,,,,,,,,,,,,,,,,,,,,,,,,,,,,,,,,,,,,,
S22-12724,,,,,,,,,,,,,,,,,,,,,,,,,,,,,,,,,,,,,,,,
S19-53627,,,,,,,,,,,,,,,,,,,,,,,,,,,,,,,,,,,,,,,,
S22-21414,,,,,,,,,,,,,,,,,,,,,,,,,,,,,,,,,,,,,,,,
S22-20298,,,,,,,,,,,,,,,,,,,,,,,,,,,,,,,,,,,,,,,,
S22-24067,,,,,,,,,,,,,,,,,,,,,,,,,,,,,,,,,,,,,,,,
S22-25178,,,,,,,,,,,,,,,,,,,,,,,,,,,,,,,,,,,,,,,,
S22-10983,,,,,,,,,,,,,,,,,,,,,,,,,,,,,,,,,,,,,,,,
S22-34515,,,,,,,,,,,,,,,,,,,,,,,,,,,,,,,,,,,,,,,,
S22-34581,,,,,,,,,,,,,,,,,,,,,,,,,,,,,,,,,,,,,,,,
S22-36148/S21-23866,,,,,,,,,,,,,,,,,,,,,,,,,,,,,,,,,,,,,,,,
S22-39231,,,,,,,,,,,,,,,,,,,,,,,,,,,,,,,,,,,,,,,,
S22-39007,,,,,,,,,,,,,,,,,,,,,,,,,,,,,,,,,,,,,,,,
S22-43453,,,,,,,,,,,,,,,,,,,,,,,,,,,,,,,,,,,,,,,,
S22-40163,,,,,,,,,,,,,,,,,,,,,,,,,,,,,,,,,,,,,,,,
S17-30682,,,,,,,,,,,,,,,,,,,,,,,,,,,,,,,,,,,,,,,,
S22-44152,,,,,,,,,,,,,,,,,,,,,,,,,,,,,,,,,,,,,,,,
S22-50236,,,,,,,,,,,,,,,,,,,,,,,,,,,,,,,,,,,,,,,,
S22-52959,,,,,,,,,,,,,,,,,,,,,,,,,,,,,,,,,,,,,,,,
S23-21,,,,,,,,,,,,,,,,,,,,,,,,,,,,,,,,,,,,,,,,
S23-18270,,,,,,,,,,,,,,,,,,,,,,,,,,,,,,,,,,,,,,,,
S23-392,,,,,,,,,,,,,,,,,,,,,,,,,,,,,,,,,,,,,,,,
S22-36148,,,,,,,,,,,,,,,,,,,,,,,,,,,,,,,,,,,,,,,,
S23-2366,,,,,,,,,,,,,,,,,,,,,,,,,,,,,,,,,,,,,,,,
S22-51175,,,,,,,,,,,,,,,,,,,,,,,,,,,,,,,,,,,,,,,,
S18-40952,,,,,,,,,,,,,,,,,,,,,,,,,,,,,,,,,,,,,,,,
S21-36523,,,,,,,,,,,,,,,,,,,,,,,,,,,,,,,,,,,,,,,,
S22-39488,,,,,,,,,,,,,,,,,,,,,,,,,,,,,,,,,,,,,,,,
S23-26,,,,,,,,,,,,,,,,,,,,,,,,,,,,,,,,,,,,,,,,
S22-32736,,,,,,,,,,,,,,,,,,,,,,,,,,,,,,,,,,,,,,,,
S23-28552,,,,,,,,,,,,,,,,,,,,,,,,,,,,,,,,,,,,,,,,
,,,,,,,,,,,,,,,,,,,,,,,,,,,,,,,,,,,,,,,,
,,,,,,,,,,,,,,,,,,,,,,,,,,,,,,,,,,,,,,,,
,,,,,,,,,,,,,,,,,,,,,,,,,,,,,,,,,,,,,,,,
,,,,,,,,,,,,,,,,,,,,,,,,,,,,,,,,,,,,,,,,
,,,,,,,,,,,,,,,,,,,,,,,,,,,,,,,,,,,,,,,,
,,,,,,,,,,,,,,,,,,,,,,,,,,,,,,,,,,,,,,,,
,,,,,,,,,,,,,,,,,,,,,,,,,,,,,,,,,,,,,,,,
,,,,,,,,,,,,,,,,,,,,,,,,,,,,,,,,,,,,,,,,
,,,,,,,,,,,,,,,,,,,,,,,,,,,,,,,,,,,,,,,,
,,,,,,,,,,,,,,,,,,,,,,,,,,,,,,,,,,,,,,,,
,,,,,,,,,,,,,,,,,,,,,,,,,,,,,,,,,,,,,,,,
,,,,,,,,,,,,,,,,,,,,,,,,,,,,,,,,,,,,,,,,
,,,,,,,,,,,,,,,,,,,,,,,,,,,,,,,,,,,,,,,,
,,,,,,,,,,,,,,,,,,,,,,,,,,,,,,,,,,,,,,,,
,,,,,,,,,,,,,,,,,,,,,,,,,,,,,,,,,,,,,,,,
,,,,,,,,,,,,,,,,,,,,,,,,,,,,,,,,,,,,,,,,
,,,,,,,,,,,,,,,,,,,,,,,,,,,,,,,,,,,,,,,,
,,,,,,,,,,,,,,,,,,,,,,,,,,,,,,,,,,,,,,,,
,,,,,,,,,,,,,,,,,,,,,,,,,,,,,,,,,,,,,,,,
,,,,,,,,,,,,,,,,,,,,,,,,,,,,,,,,,,,,,,,,
,,,,,,,,,,,,,,,,,,,,,,,,,,,,,,,,,,,,,,,,
,,,,,,,,,,,,,,,,,,,,,,,,,,,,,,,,,,,,,,,,
,,,,,,,,,,,,,,,,,,,,,,,,,,,,,,,,,,,,,,,,
,,,,,,,,,,,,,,,,,,,,,,,,,,,,,,,,,,,,,,,,
,,,,,,,,,,,,,,,,,,,,,,,,,,,,,,,,,,,,,,,,
,,,,,,,,,,,,,,,,,,,,,,,,,,,,,,,,,,,,,,,,
,,,,,,,,,,,,,,,,,,,,,,,,,,,,,,,,,,,,,,,,
,,,,,,,,,,,,,,,,,,,,,,,,,,,,,,,,,,,,,,,,
,,,,,,,,,,,,,,,,,,,,,,,,,,,,,,,,,,,,,,,,
,,,,,,,,,,,,,,,,,,,,,,,,,,,,,,,,,,,,,,,,
,,,,,,,,,,,,,,,,,,,,,,,,,,,,,,,,,,,,,,,,
,,,,,,,,,,,,,,,,,,,,,,,,,,,,,,,,,,,,,,,,
,,,,,,,,,,,,,,,,,,,,,,,,,,,,,,,,,,,,,,,,
,,,,,,,,,,,,,,,,,,,,,,,,,,,,,,,,,,,,,,,,
,,,,,,,,,,,,,,,,,,,,,,,,,,,,,,,,,,,,,,,,
,,,,,,,,,,,,,,,,,,,,,,,,,,,,,,,,,,,,,,,,
,,,,,,,,,,,,,,,,,,,,,,,,,,,,,,,,,,,,,,,,
,,,,,,,,,,,,,,,,,,,,,,,,,,,,,,,,,,,,,,,,
,,,,,,,,,,,,,,,,,,,,,,,,,,,,,,,,,,,,,,,,
,,,,,,,,,,,,,,,,,,,,,,,,,,,,,,,,,,,,,,,,
,,,,,,,,,,,,,,,,,,,,,,,,,,,,,,,,,,,,,,,,
,,,,,,,,,,,,,,,,,,,,,,,,,,,,,,,,,,,,,,,,
,,,,,,,,,,,,,,,,,,,,,,,,,,,,,,,,,,,,,,,,
,,,,,,,,,,,,,,,,,,,,,,,,,,,,,,,,,,,,,,,,
,,,,,,,,,,,,,,,,,,,,,,,,,,,,,,,,,,,,,,,,
,,,,,,,,,,,,,,,,,,,,,,,,,,,,,,,,,,,,,,,,
,,,,,,,,,,,,,,,,,,,,,,,,,,,,,,,,,,,,,,,,
,,,,,,,,,,,,,,,,,,,,,,,,,,,,,,,,,,,,,,,,
,,,,,,,,,,,,,,,,,,,,,,,,,,,,,,,,,,,,,,,,
,,,,,,,,,,,,,,,,,,,,,,,,,,,,,,,,,,,,,,,,
,,,,,,,,,,,,,,,,,,,,,,,,,,,,,,,,,,,,,,,,
,,,,,,,,,,,,,,,,,,,,,,,,,,,,,,,,,,,,,,,,
,,,,,,,,,,,,,,,,,,,,,,,,,,,,,,,,,,,,,,,,
,,,,,,,,,,,,,,,,,,,,,,,,,,,,,,,,,,,,,,,,
,,,,,,,,,,,,,,,,,,,,,,,,,,,,,,,,,,,,,,,,
,,,,,,,,,,,,,,,,,,,,,,,,,,,,,,,,,,,,,,,,
,,,,,,,,,,,,,,,,,,,,,,,,,,,,,,,,,,,,,,,,
,,,,,,,,,,,,,,,,,,,,,,,,,,,,,,,,,,,,,,,,
,,,,,,,,,,,,,,,,,,,,,,,,,,,,,,,,,,,,,,,,
,,,,,,,,,,,,,,,,,,,,,,,,,,,,,,,,,,,,,,,,
,,,,,,,,,,,,,,,,,,,,,,,,,,,,,,,,,,,,,,,,
,,,,,,,,,,,,,,,,,,,,,,,,,,,,,,,,,,,,,,,,
,,,,,,,,,,,,,,,,,,,,,,,,,,,,,,,,,,,,,,,,
,,,,,,,,,,,,,,,,,,,,,,,,,,,,,,,,,,,,,,,,
,,,,,,,,,,,,,,,,,,,,,,,,,,,,,,,,,,,,,,,,
,,,,,,,,,,,,,,,,,,,,,,,,,,,,,,,,,,,,,,,,
,,,,,,,,,,,,,,,,,,,,,,,,,,,,,,,,,,,,,,,,
,,,,,,,,,,,,,,,,,,,,,,,,,,,,,,,,,,,,,,,,
,,,,,,,,,,,,,,,,,,,,,,,,,,,,,,,,,,,,,,,,
,,,,,,,,,,,,,,,,,,,,,,,,,,,,,,,,,,,,,,,,
,,,,,,,,,,,,,,,,,,,,,,,,,,,,,,,,,,,,,,,,
,,,,,,,,,,,,,,,,,,,,,,,,,,,,,,,,,,,,,,,,
,,,,,,,,,,,,,,,,,,,,,,,,,,,,,,,,,,,,,,,,
,,,,,,,,,,,,,,,,,,,,,,,,,,,,,,,,,,,,,,,,
,,,,,,,,,,,,,,,,,,,,,,,,,,,,,,,,,,,,,,,,
,,,,,,,,,,,,,,,,,,,,,,,,,,,,,,,,,,,,,,,,
,,,,,,,,,,,,,,,,,,,,,,,,,,,,,,,,,,,,,,,,
,,,,,,,,,,,,,,,,,,,,,,,,,,,,,,,,,,,,,,,,
,,,,,,,,,,,,,,,,,,,,,,,,,,,,,,,,,,,,,,,,
,,,,,,,,,,,,,,,,,,,,,,,,,,,,,,,,,,,,,,,,
,,,,,,,,,,,,,,,,,,,,,,,,,,,,,,,,,,,,,,,,
,,,,,,,,,,,,,,,,,,,,,,,,,,,,,,,,,,,,,,,,
,,,,,,,,,,,,,,,,,,,,,,,,,,,,,,,,,,,,,,,,
,,,,,,,,,,,,,,,,,,,,,,,,,,,,,,,,,,,,,,,,
,,,,,,,,,,,,,,,,,,,,,,,,,,,,,,,,,,,,,,,,
,,,,,,,,,,,,,,,,,,,,,,,,,,,,,,,,,,,,,,,,
,,,,,,,,,,,,,,,,,,,,,,,,,,,,,,,,,,,,,,,,
,,,,,,,,,,,,,,,,,,,,,,,,,,,,,,,,,,,,,,,,
,,,,,,,,,,,,,,,,,,,,,,,,,,,,,,,,,,,,,,,,
,,,,,,,,,,,,,,,,,,,,,,,,,,,,,,,,,,,,,,,,
,,,,,,,,,,,,,,,,,,,,,,,,,,,,,,,,,,,,,,,,
,,,,,,,,,,,,,,,,,,,,,,,,,,,,,,,,,,,,,,,,
,,,,,,,,,,,,,,,,,,,,,,,,,,,,,,,,,,,,,,,,
,,,,,,,,,,,,,,,,,,,,,,,,,,,,,,,,,,,,,,,,
,,,,,,,,,,,,,,,,,,,,,,,,,,,,,,,,,,,,,,,,
,,,,,,,,,,,,,,,,,,,,,,,,,,,,,,,,,,,,,,,,
,,,,,,,,,,,,,,,,,,,,,,,,,,,,,,,,,,,,,,,,
,,,,,,,,,,,,,,,,,,,,,,,,,,,,,,,,,,,,,,,,
,,,,,,,,,,,,,,,,,,,,,,,,,,,,,,,,,,,,,,,,
,,,,,,,,,,,,,,,,,,,,,,,,,,,,,,,,,,,,,,,,
,,,,,,,,,,,,,,,,,,,,,,,,,,,,,,,,,,,,,,,,
,,,,,,,,,,,,,,,,,,,,,,,,,,,,,,,,,,,,,,,,
,,,,,,,,,,,,,,,,,,,,,,,,,,,,,,,,,,,,,,,,
,,,,,,,,,,,,,,,,,,,,,,,,,,,,,,,,,,,,,,,,
,,,,,,,,,,,,,,,,,,,,,,,,,,,,,,,,,,,,,,,,
,,,,,,,,,,,,,,,,,,,,,,,,,,,,,,,,,,,,,,,,
,,,,,,,,,,,,,,,,,,,,,,,,,,,,,,,,,,,,,,,,
,,,,,,,,,,,,,,,,,,,,,,,,,,,,,,,,,,,,,,,,
,,,,,,,,,,,,,,,,,,,,,,,,,,,,,,,,,,,,,,,,
,,,,,,,,,,,,,,,,,,,,,,,,,,,,,,,,,,,,,,,,
,,,,,,,,,,,,,,,,,,,,,,,,,,,,,,,,,,,,,,,,
,,,,,,,,,,,,,,,,,,,,,,,,,,,,,,,,,,,,,,,,
,,,,,,,,,,,,,,,,,,,,,,,,,,,,,,,,,,,,,,,,
,,,,,,,,,,,,,,,,,,,,,,,,,,,,,,,,,,,,,,,,
,,,,,,,,,,,,,,,,,,,,,,,,,,,,,,,,,,,,,,,,
,,,,,,,,,,,,,,,,,,,,,,,,,,,,,,,,,,,,,,,,
,,,,,,,,,,,,,,,,,,,,,,,,,,,,,,,,,,,,,,,,
,,,,,,,,,,,,,,,,,,,,,,,,,,,,,,,,,,,,,,,,
,,,,,,,,,,,,,,,,,,,,,,,,,,,,,,,,,,,,,,,,
,,,,,,,,,,,,,,,,,,,,,,,,,,,,,,,,,,,,,,,,
,,,,,,,,,,,,,,,,,,,,,,,,,,,,,,,,,,,,,,,,
,,,,,,,,,,,,,,,,,,,,,,,,,,,,,,,,,,,,,,,,
,,,,,,,,,,,,,,,,,,,,,,,,,,,,,,,,,,,,,,,,
,,,,,,,,,,,,,,,,,,,,,,,,,,,,,,,,,,,,,,,,
,,,,,,,,,,,,,,,,,,,,,,,,,,,,,,,,,,,,,,,,
,,,,,,,,,,,,,,,,,,,,,,,,,,,,,,,,,,,,,,,,
,,,,,,,,,,,,,,,,,,,,,,,,,,,,,,,,,,,,,,,,
,,,,,,,,,,,,,,,,,,,,,,,,,,,,,,,,,,,,,,,,
,,,,,,,,,,,,,,,,,,,,,,,,,,,,,,,,,,,,,,,,
,,,,,,,,,,,,,,,,,,,,,,,,,,,,,,,,,,,,,,,,
,,,,,,,,,,,,,,,,,,,,,,,,,,,,,,,,,,,,,,,,
,,,,,,,,,,,,,,,,,,,,,,,,,,,,,,,,,,,,,,,,
,,,,,,,,,,,,,,,,,,,,,,,,,,,,,,,,,,,,,,,,
,,,,,,,,,,,,,,,,,,,,,,,,,,,,,,,,,,,,,,,,
,,,,,,,,,,,,,,,,,,,,,,,,,,,,,,,,,,,,,,,,
,,,,,,,,,,,,,,,,,,,,,,,,,,,,,,,,,,,,,,,,
,,,,,,,,,,,,,,,,,,,,,,,,,,,,,,,,,,,,,,,,
,,,,,,,,,,,,,,,,,,,,,,,,,,,,,,,,,,,,,,,,
,,,,,,,,,,,,,,,,,,,,,,,,,,,,,,,,,,,,,,,,
,,,,,,,,,,,,,,,,,,,,,,,,,,,,,,,,,,,,,,,,
,,,,,,,,,,,,,,,,,,,,,,,,,,,,,,,,,,,,,,,,
,,,,,,,,,,,,,,,,,,,,,,,,,,,,,,,,,,,,,,,,
,,,,,,,,,,,,,,,,,,,,,,,,,,,,,,,,,,,,,,,,
,,,,,,,,,,,,,,,,,,,,,,,,,,,,,,,,,,,,,,,,
,,,,,,,,,,,,,,,,,,,,,,,,,,,,,,,,,,,,,,,,
,,,,,,,,,,,,,,,,,,,,,,,,,,,,,,,,,,,,,,,,
,,,,,,,,,,,,,,,,,,,,,,,,,,,,,,,,,,,,,,,,
,,,,,,,,,,,,,,,,,,,,,,,,,,,,,,,,,,,,,,,,
,,,,,,,,,,,,,,,,,,,,,,,,,,,,,,,,,,,,,,,,
,,,,,,,,,,,,,,,,,,,,,,,,,,,,,,,,,,,,,,,,
,,,,,,,,,,,,,,,,,,,,,,,,,,,,,,,,,,,,,,,,
,,,,,,,,,,,,,,,,,,,,,,,,,,,,,,,,,,,,,,,,
,,,,,,,,,,,,,,,,,,,,,,,,,,,,,,,,,,,,,,,,
,,,,,,,,,,,,,,,,,,,,,,,,,,,,,,,,,,,,,,,,
,,,,,,,,,,,,,,,,,,,,,,,,,,,,,,,,,,,,,,,,
,,,,,,,,,,,,,,,,,,,,,,,,,,,,,,,,,,,,,,,,
,,,,,,,,,,,,,,,,,,,,,,,,,,,,,,,,,,,,,,,,
,,,,,,,,,,,,,,,,,,,,,,,,,,,,,,,,,,,,,,,,
,,,,,,,,,,,,,,,,,,,,,,,,,,,,,,,,,,,,,,,,
,,,,,,,,,,,,,,,,,,,,,,,,,,,,,,,,,,,,,,,,
,,,,,,,,,,,,,,,,,,,,,,,,,,,,,,,,,,,,,,,,
,,,,,,,,,,,,,,,,,,,,,,,,,,,,,,,,,,,,,,,,
,,,,,,,,,,,,,,,,,,,,,,,,,,,,,,,,,,,,,,,,
,,,,,,,,,,,,,,,,,,,,,,,,,,,,,,,,,,,,,,,,
,,,,,,,,,,,,,,,,,,,,,,,,,,,,,,,,,,,,,,,,
,,,,,,,,,,,,,,,,,,,,,,,,,,,,,,,,,,,,,,,,
,,,,,,,,,,,,,,,,,,,,,,,,,,,,,,,,,,,,,,,,
,,,,,,,,,,,,,,,,,,,,,,,,,,,,,,,,,,,,,,,,
,,,,,,,,,,,,,,,,,,,,,,,,,,,,,,,,,,,,,,,,
,,,,,,,,,,,,,,,,,,,,,,,,,,,,,,,,,,,,,,,,
,,,,,,,,,,,,,,,,,,,,,,,,,,,,,,,,,,,,,,,,